id,firstname,lastname,email,email2,profession
0,Carol-Jean,Alabaster,Carol-Jean.Alabaster@yopmail.com,Carol-Jean.Alabaster@gmail.com,worker
1,Ginnie,Jalbert,Ginnie.Jalbert@yopmail.com,Ginnie.Jalbert@gmail.com,worker
2,Chandra,Malvino,Chandra.Malvino@yopmail.com,Chandra.Malvino@gmail.com,firefighter
3,Ottilie,Anastatius,Ottilie.Anastatius@yopmail.com,Ottilie.Anastatius@gmail.com,developer
4,Modestia,Esmaria,Modestia.Esmaria@yopmail.com,Modestia.Esmaria@gmail.com,worker
5,Patricia,Iiette,Patricia.Iiette@yopmail.com,Patricia.Iiette@gmail.com,developer
6,Carmela,Lia,Carmela.Lia@yopmail.com,Carmela.Lia@gmail.com,worker
7,Averyl,Garlinda,Averyl.Garlinda@yopmail.com,Averyl.Garlinda@gmail.com,police officer
8,Maurene,Zenas,Maurene.Zenas@yopmail.com,Maurene.Zenas@gmail.com,doctor
9,Roseline,Uund,Roseline.Uund@yopmail.com,Roseline.Uund@gmail.com,developer
10,Delilah,Modie,Delilah.Modie@yopmail.com,Delilah.Modie@gmail.com,police officer
11,Kaja,Aprile,Kaja.Aprile@yopmail.com,Kaja.Aprile@gmail.com,police officer
12,Dolli,Casimir,Dolli.Casimir@yopmail.com,Dolli.Casimir@gmail.com,firefighter
13,Corina,Payson,Corina.Payson@yopmail.com,Corina.Payson@gmail.com,doctor
14,Jany,Bevin,Jany.Bevin@yopmail.com,Jany.Bevin@gmail.com,developer
15,Karina,Goode,Karina.Goode@yopmail.com,Karina.Goode@gmail.com,doctor
16,Aeriela,Eckblad,Aeriela.Eckblad@yopmail.com,Aeriela.Eckblad@gmail.com,developer
17,Hermione,Konyn,Hermione.Konyn@yopmail.com,Hermione.Konyn@gmail.com,doctor
18,Jasmina,Cosenza,Jasmina.Cosenza@yopmail.com,Jasmina.Cosenza@gmail.com,worker
19,Kirbee,Arley,Kirbee.Arley@yopmail.com,Kirbee.Arley@gmail.com,police officer
20,Dorice,Milde,Dorice.Milde@yopmail.com,Dorice.Milde@gmail.com,police officer
21,Elmira,Fontana,Elmira.Fontana@yopmail.com,Elmira.Fontana@gmail.com,police officer
22,Peri,Ellerey,Peri.Ellerey@yopmail.com,Peri.Ellerey@gmail.com,doctor
23,Vinita,Halla,Vinita.Halla@yopmail.com,Vinita.Halla@gmail.com,worker
24,Robinia,Rooney,Robinia.Rooney@yopmail.com,Robinia.Rooney@gmail.com,police officer
25,Catrina,Lubin,Catrina.Lubin@yopmail.com,Catrina.Lubin@gmail.com,developer
26,Annaliese,Bluh,Annaliese.Bluh@yopmail.com,Annaliese.Bluh@gmail.com,doctor
27,Deedee,Han,Deedee.Han@yopmail.com,Deedee.Han@gmail.com,doctor
28,Aryn,Iaverne,Aryn.Iaverne@yopmail.com,Aryn.Iaverne@gmail.com,doctor
29,Diena,Letsou,Diena.Letsou@yopmail.com,Diena.Letsou@gmail.com,developer
30,Riannon,Henrie,Riannon.Henrie@yopmail.com,Riannon.Henrie@gmail.com,doctor
31,Tatiania,Behre,Tatiania.Behre@yopmail.com,Tatiania.Behre@gmail.com,doctor
32,Asia,Sheng,Asia.Sheng@yopmail.com,Asia.Sheng@gmail.com,doctor
33,Halette,Lacombe,Halette.Lacombe@yopmail.com,Halette.Lacombe@gmail.com,doctor
34,Ira,Creamer,Ira.Creamer@yopmail.com,Ira.Creamer@gmail.com,firefighter
35,Agnese,Weinreb,Agnese.Weinreb@yopmail.com,Agnese.Weinreb@gmail.com,developer
36,Devina,Campball,Devina.Campball@yopmail.com,Devina.Campball@gmail.com,developer
37,Valera,Bonilla,Valera.Bonilla@yopmail.com,Valera.Bonilla@gmail.com,firefighter
38,Romona,Tound,Romona.Tound@yopmail.com,Romona.Tound@gmail.com,firefighter
39,Sharai,Maribeth,Sharai.Maribeth@yopmail.com,Sharai.Maribeth@gmail.com,firefighter
40,Corly,Peti,Corly.Peti@yopmail.com,Corly.Peti@gmail.com,worker
41,Rhea,Erich,Rhea.Erich@yopmail.com,Rhea.Erich@gmail.com,worker
42,Jobi,Rad,Jobi.Rad@yopmail.com,Jobi.Rad@gmail.com,developer
43,Lesly,Nea,Lesly.Nea@yopmail.com,Lesly.Nea@gmail.com,firefighter
44,Cacilie,Wesle,Cacilie.Wesle@yopmail.com,Cacilie.Wesle@gmail.com,worker
45,Jacenta,Flita,Jacenta.Flita@yopmail.com,Jacenta.Flita@gmail.com,developer
46,Susette,Ferino,Susette.Ferino@yopmail.com,Susette.Ferino@gmail.com,police officer
47,Ernesta,Minetta,Ernesta.Minetta@yopmail.com,Ernesta.Minetta@gmail.com,firefighter
48,Merry,My,Merry.My@yopmail.com,Merry.My@gmail.com,police officer
49,Briney,Jena,Briney.Jena@yopmail.com,Briney.Jena@gmail.com,police officer
50,Joleen,Chinua,Joleen.Chinua@yopmail.com,Joleen.Chinua@gmail.com,firefighter
51,Leontine,Eiser,Leontine.Eiser@yopmail.com,Leontine.Eiser@gmail.com,police officer
52,Gwenneth,Monk,Gwenneth.Monk@yopmail.com,Gwenneth.Monk@gmail.com,developer
53,Kalina,Evvie,Kalina.Evvie@yopmail.com,Kalina.Evvie@gmail.com,doctor
54,Antonietta,Vittoria,Antonietta.Vittoria@yopmail.com,Antonietta.Vittoria@gmail.com,doctor
55,Grier,Grayce,Grier.Grayce@yopmail.com,Grier.Grayce@gmail.com,developer
56,Wynne,Pernick,Wynne.Pernick@yopmail.com,Wynne.Pernick@gmail.com,developer
57,Esmeralda,Center,Esmeralda.Center@yopmail.com,Esmeralda.Center@gmail.com,doctor
58,Annaliese,Bendick,Annaliese.Bendick@yopmail.com,Annaliese.Bendick@gmail.com,developer
59,Micheline,Mitzi,Micheline.Mitzi@yopmail.com,Micheline.Mitzi@gmail.com,developer
60,Hallie,Turne,Hallie.Turne@yopmail.com,Hallie.Turne@gmail.com,doctor
61,Lila,Tomasina,Lila.Tomasina@yopmail.com,Lila.Tomasina@gmail.com,worker
62,Emma,Jotham,Emma.Jotham@yopmail.com,Emma.Jotham@gmail.com,police officer
63,Florencia,Aaberg,Florencia.Aaberg@yopmail.com,Florencia.Aaberg@gmail.com,developer
64,Ethel,Krystle,Ethel.Krystle@yopmail.com,Ethel.Krystle@gmail.com,worker
65,Mady,Malina,Mady.Malina@yopmail.com,Mady.Malina@gmail.com,developer
66,Siana,Pelagias,Siana.Pelagias@yopmail.com,Siana.Pelagias@gmail.com,doctor
67,Marinna,Chrystel,Marinna.Chrystel@yopmail.com,Marinna.Chrystel@gmail.com,worker
68,Raquela,Keelia,Raquela.Keelia@yopmail.com,Raquela.Keelia@gmail.com,worker
69,Coral,Maurine,Coral.Maurine@yopmail.com,Coral.Maurine@gmail.com,police officer
70,Shel,Guildroy,Shel.Guildroy@yopmail.com,Shel.Guildroy@gmail.com,doctor
71,Christian,Bouchard,Christian.Bouchard@yopmail.com,Christian.Bouchard@gmail.com,doctor
72,Janey,Lenny,Janey.Lenny@yopmail.com,Janey.Lenny@gmail.com,police officer
73,Vere,Waldron,Vere.Waldron@yopmail.com,Vere.Waldron@gmail.com,police officer
74,Oona,August,Oona.August@yopmail.com,Oona.August@gmail.com,police officer
75,Melodie,McGrody,Melodie.McGrody@yopmail.com,Melodie.McGrody@gmail.com,doctor
76,Suzette,Tacye,Suzette.Tacye@yopmail.com,Suzette.Tacye@gmail.com,doctor
77,Kayla,Trace,Kayla.Trace@yopmail.com,Kayla.Trace@gmail.com,police officer
78,Dennie,Pyle,Dennie.Pyle@yopmail.com,Dennie.Pyle@gmail.com,developer
79,Charlena,Drisko,Charlena.Drisko@yopmail.com,Charlena.Drisko@gmail.com,developer
80,Valeda,Jess,Valeda.Jess@yopmail.com,Valeda.Jess@gmail.com,firefighter
81,Consuela,Erich,Consuela.Erich@yopmail.com,Consuela.Erich@gmail.com,developer
82,Lacie,Pip,Lacie.Pip@yopmail.com,Lacie.Pip@gmail.com,doctor
83,Cyb,Pauly,Cyb.Pauly@yopmail.com,Cyb.Pauly@gmail.com,firefighter
84,Iseabal,Thomasina,Iseabal.Thomasina@yopmail.com,Iseabal.Thomasina@gmail.com,developer
85,Candi,Rugen,Candi.Rugen@yopmail.com,Candi.Rugen@gmail.com,police officer
86,Jessamyn,Wadell,Jessamyn.Wadell@yopmail.com,Jessamyn.Wadell@gmail.com,worker
87,Amara,Munn,Amara.Munn@yopmail.com,Amara.Munn@gmail.com,doctor
88,Celisse,Weaks,Celisse.Weaks@yopmail.com,Celisse.Weaks@gmail.com,doctor
89,Lucy,Esmaria,Lucy.Esmaria@yopmail.com,Lucy.Esmaria@gmail.com,firefighter
90,Deloria,Sadowski,Deloria.Sadowski@yopmail.com,Deloria.Sadowski@gmail.com,firefighter
91,Jobi,Teryn,Jobi.Teryn@yopmail.com,Jobi.Teryn@gmail.com,firefighter
92,Frank,Merat,Frank.Merat@yopmail.com,Frank.Merat@gmail.com,doctor
93,Renie,Blase,Renie.Blase@yopmail.com,Renie.Blase@gmail.com,firefighter
94,Olivette,Gillan,Olivette.Gillan@yopmail.com,Olivette.Gillan@gmail.com,police officer
95,Sadie,Nahum,Sadie.Nahum@yopmail.com,Sadie.Nahum@gmail.com,firefighter
96,Alisha,Malanie,Alisha.Malanie@yopmail.com,Alisha.Malanie@gmail.com,police officer
97,Farrah,Idelia,Farrah.Idelia@yopmail.com,Farrah.Idelia@gmail.com,firefighter
98,Amalie,Moina,Amalie.Moina@yopmail.com,Amalie.Moina@gmail.com,doctor
99,Tami,Regan,Tami.Regan@yopmail.com,Tami.Regan@gmail.com,police officer
100,Maurene,Jethro,Maurene.Jethro@yopmail.com,Maurene.Jethro@gmail.com,police officer
101,Ermengarde,Lindemann,Ermengarde.Lindemann@yopmail.com,Ermengarde.Lindemann@gmail.com,firefighter
102,Pollyanna,Iphlgenia,Pollyanna.Iphlgenia@yopmail.com,Pollyanna.Iphlgenia@gmail.com,worker
103,Ingrid,Revkah,Ingrid.Revkah@yopmail.com,Ingrid.Revkah@gmail.com,firefighter
104,Dede,Chick,Dede.Chick@yopmail.com,Dede.Chick@gmail.com,firefighter
105,Demetris,Brodench,Demetris.Brodench@yopmail.com,Demetris.Brodench@gmail.com,developer
106,Almeta,Graig,Almeta.Graig@yopmail.com,Almeta.Graig@gmail.com,developer
107,Layla,Shanley,Layla.Shanley@yopmail.com,Layla.Shanley@gmail.com,police officer
108,Mary,Forrer,Mary.Forrer@yopmail.com,Mary.Forrer@gmail.com,doctor
109,Bill,Georgy,Bill.Georgy@yopmail.com,Bill.Georgy@gmail.com,firefighter
110,Minne,Dahlia,Minne.Dahlia@yopmail.com,Minne.Dahlia@gmail.com,developer
111,Rani,Gualtiero,Rani.Gualtiero@yopmail.com,Rani.Gualtiero@gmail.com,worker
112,Joeann,Bord,Joeann.Bord@yopmail.com,Joeann.Bord@gmail.com,worker
113,Brena,Leopold,Brena.Leopold@yopmail.com,Brena.Leopold@gmail.com,developer
114,Tobe,Ventre,Tobe.Ventre@yopmail.com,Tobe.Ventre@gmail.com,worker
115,Lauryn,Anastatius,Lauryn.Anastatius@yopmail.com,Lauryn.Anastatius@gmail.com,doctor
116,Dacia,Yate,Dacia.Yate@yopmail.com,Dacia.Yate@gmail.com,firefighter
117,Letizia,Allina,Letizia.Allina@yopmail.com,Letizia.Allina@gmail.com,firefighter
118,Alex,Olin,Alex.Olin@yopmail.com,Alex.Olin@gmail.com,police officer
119,Tersina,Fiester,Tersina.Fiester@yopmail.com,Tersina.Fiester@gmail.com,police officer
120,Lexine,Hartnett,Lexine.Hartnett@yopmail.com,Lexine.Hartnett@gmail.com,worker
121,Bill,Carlson,Bill.Carlson@yopmail.com,Bill.Carlson@gmail.com,police officer
122,Glynnis,Center,Glynnis.Center@yopmail.com,Glynnis.Center@gmail.com,developer
123,Misha,Desai,Misha.Desai@yopmail.com,Misha.Desai@gmail.com,doctor
124,Alyda,Mehalek,Alyda.Mehalek@yopmail.com,Alyda.Mehalek@gmail.com,doctor
125,Meghann,Sherfield,Meghann.Sherfield@yopmail.com,Meghann.Sherfield@gmail.com,worker
126,Gwyneth,Jotham,Gwyneth.Jotham@yopmail.com,Gwyneth.Jotham@gmail.com,police officer
127,Alisha,Edmund,Alisha.Edmund@yopmail.com,Alisha.Edmund@gmail.com,doctor
128,Robinia,Ferino,Robinia.Ferino@yopmail.com,Robinia.Ferino@gmail.com,police officer
129,Fina,Read,Fina.Read@yopmail.com,Fina.Read@gmail.com,worker
130,Marti,Swigart,Marti.Swigart@yopmail.com,Marti.Swigart@gmail.com,police officer
131,Leanna,Gaulin,Leanna.Gaulin@yopmail.com,Leanna.Gaulin@gmail.com,firefighter
132,Karlee,Ursulette,Karlee.Ursulette@yopmail.com,Karlee.Ursulette@gmail.com,firefighter
133,Jemie,Marsden,Jemie.Marsden@yopmail.com,Jemie.Marsden@gmail.com,doctor
134,Imojean,Kiyoshi,Imojean.Kiyoshi@yopmail.com,Imojean.Kiyoshi@gmail.com,developer
135,Violet,Kermit,Violet.Kermit@yopmail.com,Violet.Kermit@gmail.com,police officer
136,Aili,Joni,Aili.Joni@yopmail.com,Aili.Joni@gmail.com,doctor
137,Krystle,Mich,Krystle.Mich@yopmail.com,Krystle.Mich@gmail.com,developer
138,Lilith,Janene,Lilith.Janene@yopmail.com,Lilith.Janene@gmail.com,firefighter
139,Suzette,Obed,Suzette.Obed@yopmail.com,Suzette.Obed@gmail.com,developer
140,Vinita,Odell,Vinita.Odell@yopmail.com,Vinita.Odell@gmail.com,police officer
141,Blake,Koziara,Blake.Koziara@yopmail.com,Blake.Koziara@gmail.com,doctor
142,Melina,Joli,Melina.Joli@yopmail.com,Melina.Joli@gmail.com,worker
143,Binny,Kathie,Binny.Kathie@yopmail.com,Binny.Kathie@gmail.com,firefighter
144,Helena,Tamar,Helena.Tamar@yopmail.com,Helena.Tamar@gmail.com,doctor
145,Cassandra,Barbey,Cassandra.Barbey@yopmail.com,Cassandra.Barbey@gmail.com,worker
146,Trudie,Dannye,Trudie.Dannye@yopmail.com,Trudie.Dannye@gmail.com,developer
147,Annora,Papageno,Annora.Papageno@yopmail.com,Annora.Papageno@gmail.com,doctor
148,Cassandra,Noman,Cassandra.Noman@yopmail.com,Cassandra.Noman@gmail.com,worker
149,Correy,Gale,Correy.Gale@yopmail.com,Correy.Gale@gmail.com,doctor
150,Oralee,Sacken,Oralee.Sacken@yopmail.com,Oralee.Sacken@gmail.com,doctor
151,Chere,Milson,Chere.Milson@yopmail.com,Chere.Milson@gmail.com,police officer
152,Adore,Cullin,Adore.Cullin@yopmail.com,Adore.Cullin@gmail.com,police officer
153,Cordi,Voletta,Cordi.Voletta@yopmail.com,Cordi.Voletta@gmail.com,worker
154,Tonia,Abram,Tonia.Abram@yopmail.com,Tonia.Abram@gmail.com,police officer
155,Helena,Papageno,Helena.Papageno@yopmail.com,Helena.Papageno@gmail.com,police officer
156,Adele,Atcliffe,Adele.Atcliffe@yopmail.com,Adele.Atcliffe@gmail.com,doctor
157,Georgetta,Reneta,Georgetta.Reneta@yopmail.com,Georgetta.Reneta@gmail.com,police officer
158,Nollie,Hutchison,Nollie.Hutchison@yopmail.com,Nollie.Hutchison@gmail.com,doctor
159,Taffy,Lauraine,Taffy.Lauraine@yopmail.com,Taffy.Lauraine@gmail.com,doctor
160,Carolina,Marsden,Carolina.Marsden@yopmail.com,Carolina.Marsden@gmail.com,doctor
161,Esmeralda,Colp,Esmeralda.Colp@yopmail.com,Esmeralda.Colp@gmail.com,worker
162,Benita,Gaulin,Benita.Gaulin@yopmail.com,Benita.Gaulin@gmail.com,worker
163,Genovera,Larochelle,Genovera.Larochelle@yopmail.com,Genovera.Larochelle@gmail.com,worker
164,Deloria,Ezar,Deloria.Ezar@yopmail.com,Deloria.Ezar@gmail.com,police officer
165,Edith,Middleton,Edith.Middleton@yopmail.com,Edith.Middleton@gmail.com,firefighter
166,Flory,Larochelle,Flory.Larochelle@yopmail.com,Flory.Larochelle@gmail.com,firefighter
167,Myriam,Dom,Myriam.Dom@yopmail.com,Myriam.Dom@gmail.com,doctor
168,Mamie,Kenney,Mamie.Kenney@yopmail.com,Mamie.Kenney@gmail.com,doctor
169,Aurore,Si,Aurore.Si@yopmail.com,Aurore.Si@gmail.com,developer
170,Deane,Maryanne,Deane.Maryanne@yopmail.com,Deane.Maryanne@gmail.com,firefighter
171,Roseline,Tillford,Roseline.Tillford@yopmail.com,Roseline.Tillford@gmail.com,police officer
172,Johna,Dunkin,Johna.Dunkin@yopmail.com,Johna.Dunkin@gmail.com,police officer
173,Raina,Bultman,Raina.Bultman@yopmail.com,Raina.Bultman@gmail.com,doctor
174,Yetty,Oscar,Yetty.Oscar@yopmail.com,Yetty.Oscar@gmail.com,firefighter
175,Molli,Lane,Molli.Lane@yopmail.com,Molli.Lane@gmail.com,developer
176,Elyssa,Euridice,Elyssa.Euridice@yopmail.com,Elyssa.Euridice@gmail.com,police officer
177,Madelle,Septima,Madelle.Septima@yopmail.com,Madelle.Septima@gmail.com,firefighter
178,Agathe,Bivins,Agathe.Bivins@yopmail.com,Agathe.Bivins@gmail.com,firefighter
179,Bernardine,Wandie,Bernardine.Wandie@yopmail.com,Bernardine.Wandie@gmail.com,doctor
180,Mignon,Tybald,Mignon.Tybald@yopmail.com,Mignon.Tybald@gmail.com,developer
181,Lelah,Fancie,Lelah.Fancie@yopmail.com,Lelah.Fancie@gmail.com,firefighter
182,Livvyy,Hebner,Livvyy.Hebner@yopmail.com,Livvyy.Hebner@gmail.com,worker
183,Glynnis,Seagraves,Glynnis.Seagraves@yopmail.com,Glynnis.Seagraves@gmail.com,developer
184,Ursulina,Dorine,Ursulina.Dorine@yopmail.com,Ursulina.Dorine@gmail.com,firefighter
185,Belinda,Leary,Belinda.Leary@yopmail.com,Belinda.Leary@gmail.com,police officer
186,Calla,Bow,Calla.Bow@yopmail.com,Calla.Bow@gmail.com,doctor
187,Marcy,Francene,Marcy.Francene@yopmail.com,Marcy.Francene@gmail.com,police officer
188,Natka,Margarete,Natka.Margarete@yopmail.com,Natka.Margarete@gmail.com,doctor
189,Pollyanna,Warthman,Pollyanna.Warthman@yopmail.com,Pollyanna.Warthman@gmail.com,firefighter
190,Natka,Kenney,Natka.Kenney@yopmail.com,Natka.Kenney@gmail.com,firefighter
191,Kylynn,Leonard,Kylynn.Leonard@yopmail.com,Kylynn.Leonard@gmail.com,developer
192,Karina,Teddman,Karina.Teddman@yopmail.com,Karina.Teddman@gmail.com,worker
193,Catrina,Jenness,Catrina.Jenness@yopmail.com,Catrina.Jenness@gmail.com,police officer
194,Tori,O'Rourke,Tori.O'Rourke@yopmail.com,Tori.O'Rourke@gmail.com,firefighter
195,Helena,Lasley,Helena.Lasley@yopmail.com,Helena.Lasley@gmail.com,worker
196,Aili,Drus,Aili.Drus@yopmail.com,Aili.Drus@gmail.com,police officer
197,Sissy,Felizio,Sissy.Felizio@yopmail.com,Sissy.Felizio@gmail.com,worker
198,Aigneis,Hewitt,Aigneis.Hewitt@yopmail.com,Aigneis.Hewitt@gmail.com,developer
199,Giustina,Lindemann,Giustina.Lindemann@yopmail.com,Giustina.Lindemann@gmail.com,doctor
200,Renae,Dahlia,Renae.Dahlia@yopmail.com,Renae.Dahlia@gmail.com,worker
201,Jolyn,Lumbard,Jolyn.Lumbard@yopmail.com,Jolyn.Lumbard@gmail.com,firefighter
202,Kaia,Grobe,Kaia.Grobe@yopmail.com,Kaia.Grobe@gmail.com,police officer
203,Wilma,Linskey,Wilma.Linskey@yopmail.com,Wilma.Linskey@gmail.com,police officer
204,Jacenta,Alice,Jacenta.Alice@yopmail.com,Jacenta.Alice@gmail.com,police officer
205,Michaelina,Mich,Michaelina.Mich@yopmail.com,Michaelina.Mich@gmail.com,doctor
206,Olwen,Zeeba,Olwen.Zeeba@yopmail.com,Olwen.Zeeba@gmail.com,police officer
207,Heddie,Shields,Heddie.Shields@yopmail.com,Heddie.Shields@gmail.com,firefighter
208,Christy,Telfer,Christy.Telfer@yopmail.com,Christy.Telfer@gmail.com,developer
209,Clary,Cristi,Clary.Cristi@yopmail.com,Clary.Cristi@gmail.com,firefighter
210,Dyann,Thar,Dyann.Thar@yopmail.com,Dyann.Thar@gmail.com,firefighter
211,Corene,Oriana,Corene.Oriana@yopmail.com,Corene.Oriana@gmail.com,police officer
212,Tatiania,Tremayne,Tatiania.Tremayne@yopmail.com,Tatiania.Tremayne@gmail.com,developer
213,Nickie,Callista,Nickie.Callista@yopmail.com,Nickie.Callista@gmail.com,doctor
214,Christy,Ilka,Christy.Ilka@yopmail.com,Christy.Ilka@gmail.com,developer
215,Kaja,Johnsson,Kaja.Johnsson@yopmail.com,Kaja.Johnsson@gmail.com,developer
216,Winifred,Mitzi,Winifred.Mitzi@yopmail.com,Winifred.Mitzi@gmail.com,police officer
217,Anallese,Kellby,Anallese.Kellby@yopmail.com,Anallese.Kellby@gmail.com,doctor
218,Jeanna,Leonard,Jeanna.Leonard@yopmail.com,Jeanna.Leonard@gmail.com,police officer
219,Katuscha,Croix,Katuscha.Croix@yopmail.com,Katuscha.Croix@gmail.com,doctor
220,Tybie,Hashim,Tybie.Hashim@yopmail.com,Tybie.Hashim@gmail.com,developer
221,Brana,Knowling,Brana.Knowling@yopmail.com,Brana.Knowling@gmail.com,developer
222,Cristine,Chapland,Cristine.Chapland@yopmail.com,Cristine.Chapland@gmail.com,worker
223,Lonnie,Zuzana,Lonnie.Zuzana@yopmail.com,Lonnie.Zuzana@gmail.com,police officer
224,Meghann,Gaynor,Meghann.Gaynor@yopmail.com,Meghann.Gaynor@gmail.com,developer
225,Harrietta,Kaja,Harrietta.Kaja@yopmail.com,Harrietta.Kaja@gmail.com,police officer
226,Camile,Sadowski,Camile.Sadowski@yopmail.com,Camile.Sadowski@gmail.com,developer
227,Therine,McLaughlin,Therine.McLaughlin@yopmail.com,Therine.McLaughlin@gmail.com,police officer
228,Allis,Melleta,Allis.Melleta@yopmail.com,Allis.Melleta@gmail.com,firefighter
229,Ana,Carvey,Ana.Carvey@yopmail.com,Ana.Carvey@gmail.com,doctor
230,Jennica,Wilkinson,Jennica.Wilkinson@yopmail.com,Jennica.Wilkinson@gmail.com,worker
231,Allis,Adore,Allis.Adore@yopmail.com,Allis.Adore@gmail.com,police officer
232,Jerry,Sammons,Jerry.Sammons@yopmail.com,Jerry.Sammons@gmail.com,doctor
233,Hyacinthe,Barney,Hyacinthe.Barney@yopmail.com,Hyacinthe.Barney@gmail.com,police officer
234,Jaime,Noelyn,Jaime.Noelyn@yopmail.com,Jaime.Noelyn@gmail.com,firefighter
235,Nananne,Torray,Nananne.Torray@yopmail.com,Nananne.Torray@gmail.com,doctor
236,Felice,Reneta,Felice.Reneta@yopmail.com,Felice.Reneta@gmail.com,doctor
237,Augustine,Hathaway,Augustine.Hathaway@yopmail.com,Augustine.Hathaway@gmail.com,doctor
238,Roz,Maurine,Roz.Maurine@yopmail.com,Roz.Maurine@gmail.com,doctor
239,Jaclyn,Muriel,Jaclyn.Muriel@yopmail.com,Jaclyn.Muriel@gmail.com,worker
240,Eugine,Junie,Eugine.Junie@yopmail.com,Eugine.Junie@gmail.com,worker
241,Ileana,Ahab,Ileana.Ahab@yopmail.com,Ileana.Ahab@gmail.com,worker
242,Charmaine,Bahr,Charmaine.Bahr@yopmail.com,Charmaine.Bahr@gmail.com,police officer
243,Averyl,Sawtelle,Averyl.Sawtelle@yopmail.com,Averyl.Sawtelle@gmail.com,doctor
244,Wanda,Belldas,Wanda.Belldas@yopmail.com,Wanda.Belldas@gmail.com,worker
245,Neila,Letsou,Neila.Letsou@yopmail.com,Neila.Letsou@gmail.com,developer
246,Lolita,Afton,Lolita.Afton@yopmail.com,Lolita.Afton@gmail.com,doctor
247,Hildegaard,Prouty,Hildegaard.Prouty@yopmail.com,Hildegaard.Prouty@gmail.com,police officer
248,Tina,Vernier,Tina.Vernier@yopmail.com,Tina.Vernier@gmail.com,police officer
249,Meghann,Skurnik,Meghann.Skurnik@yopmail.com,Meghann.Skurnik@gmail.com,doctor
250,Celene,Chandler,Celene.Chandler@yopmail.com,Celene.Chandler@gmail.com,worker
251,Chastity,Annice,Chastity.Annice@yopmail.com,Chastity.Annice@gmail.com,developer
252,Ebonee,Kinnard,Ebonee.Kinnard@yopmail.com,Ebonee.Kinnard@gmail.com,firefighter
253,Marsiella,Lewes,Marsiella.Lewes@yopmail.com,Marsiella.Lewes@gmail.com,police officer
254,Meg,Edmund,Meg.Edmund@yopmail.com,Meg.Edmund@gmail.com,worker
255,Kelly,McClimans,Kelly.McClimans@yopmail.com,Kelly.McClimans@gmail.com,worker
256,Aryn,McGrody,Aryn.McGrody@yopmail.com,Aryn.McGrody@gmail.com,firefighter
257,Flo,Oriana,Flo.Oriana@yopmail.com,Flo.Oriana@gmail.com,worker
258,Sophia,Kenney,Sophia.Kenney@yopmail.com,Sophia.Kenney@gmail.com,doctor
259,Lindie,Sophronia,Lindie.Sophronia@yopmail.com,Lindie.Sophronia@gmail.com,police officer
260,Karena,Weinreb,Karena.Weinreb@yopmail.com,Karena.Weinreb@gmail.com,developer
261,Molli,Dorine,Molli.Dorine@yopmail.com,Molli.Dorine@gmail.com,doctor
262,Angelique,Bobbee,Angelique.Bobbee@yopmail.com,Angelique.Bobbee@gmail.com,doctor
263,Delilah,Helve,Delilah.Helve@yopmail.com,Delilah.Helve@gmail.com,developer
264,Frank,Sacken,Frank.Sacken@yopmail.com,Frank.Sacken@gmail.com,firefighter
265,Viki,Rogerio,Viki.Rogerio@yopmail.com,Viki.Rogerio@gmail.com,developer
266,Jere,Gillan,Jere.Gillan@yopmail.com,Jere.Gillan@gmail.com,firefighter
267,Philis,Linehan,Philis.Linehan@yopmail.com,Philis.Linehan@gmail.com,police officer
268,Nataline,Hachmin,Nataline.Hachmin@yopmail.com,Nataline.Hachmin@gmail.com,worker
269,Georgetta,Solitta,Georgetta.Solitta@yopmail.com,Georgetta.Solitta@gmail.com,worker
270,Emmey,Marcellus,Emmey.Marcellus@yopmail.com,Emmey.Marcellus@gmail.com,firefighter
271,Ardys,Nore,Ardys.Nore@yopmail.com,Ardys.Nore@gmail.com,firefighter
272,Margette,Stoller,Margette.Stoller@yopmail.com,Margette.Stoller@gmail.com,developer
273,Taffy,Dom,Taffy.Dom@yopmail.com,Taffy.Dom@gmail.com,developer
274,Nannie,Zola,Nannie.Zola@yopmail.com,Nannie.Zola@gmail.com,police officer
275,Vita,Constancy,Vita.Constancy@yopmail.com,Vita.Constancy@gmail.com,worker
276,Chere,Raffo,Chere.Raffo@yopmail.com,Chere.Raffo@gmail.com,police officer
277,Camile,Isacco,Camile.Isacco@yopmail.com,Camile.Isacco@gmail.com,worker
278,Eugine,Destinee,Eugine.Destinee@yopmail.com,Eugine.Destinee@gmail.com,doctor
279,Maisey,Carvey,Maisey.Carvey@yopmail.com,Maisey.Carvey@gmail.com,police officer
280,Meghann,Phi,Meghann.Phi@yopmail.com,Meghann.Phi@gmail.com,worker
281,Deane,Peonir,Deane.Peonir@yopmail.com,Deane.Peonir@gmail.com,police officer
282,Damaris,Junie,Damaris.Junie@yopmail.com,Damaris.Junie@gmail.com,firefighter
283,Arlena,Annabella,Arlena.Annabella@yopmail.com,Arlena.Annabella@gmail.com,developer
284,Alie,Liebermann,Alie.Liebermann@yopmail.com,Alie.Liebermann@gmail.com,police officer
285,Amii,Monk,Amii.Monk@yopmail.com,Amii.Monk@gmail.com,doctor
286,Cecile,Tiffa,Cecile.Tiffa@yopmail.com,Cecile.Tiffa@gmail.com,worker
287,Riannon,Bari,Riannon.Bari@yopmail.com,Riannon.Bari@gmail.com,worker
288,Caressa,Ferino,Caressa.Ferino@yopmail.com,Caressa.Ferino@gmail.com,firefighter
289,Sophia,Urias,Sophia.Urias@yopmail.com,Sophia.Urias@gmail.com,doctor
290,Harrietta,Giule,Harrietta.Giule@yopmail.com,Harrietta.Giule@gmail.com,worker
291,Konstance,Jacobah,Konstance.Jacobah@yopmail.com,Konstance.Jacobah@gmail.com,worker
292,Nanete,Brotherson,Nanete.Brotherson@yopmail.com,Nanete.Brotherson@gmail.com,developer
293,Flo,Amadas,Flo.Amadas@yopmail.com,Flo.Amadas@gmail.com,worker
294,Cordi,Lay,Cordi.Lay@yopmail.com,Cordi.Lay@gmail.com,doctor
295,Odessa,Cohdwell,Odessa.Cohdwell@yopmail.com,Odessa.Cohdwell@gmail.com,worker
296,Gertrud,Nunci,Gertrud.Nunci@yopmail.com,Gertrud.Nunci@gmail.com,firefighter
297,Kayla,Destinee,Kayla.Destinee@yopmail.com,Kayla.Destinee@gmail.com,worker
298,Lynde,Borrell,Lynde.Borrell@yopmail.com,Lynde.Borrell@gmail.com,worker
299,Sidoney,Hilbert,Sidoney.Hilbert@yopmail.com,Sidoney.Hilbert@gmail.com,worker
300,Cecile,Mintz,Cecile.Mintz@yopmail.com,Cecile.Mintz@gmail.com,police officer
301,Anallese,Weinreb,Anallese.Weinreb@yopmail.com,Anallese.Weinreb@gmail.com,developer
302,Romona,Oriana,Romona.Oriana@yopmail.com,Romona.Oriana@gmail.com,developer
303,Calla,Flita,Calla.Flita@yopmail.com,Calla.Flita@gmail.com,developer
304,Margette,Kronfeld,Margette.Kronfeld@yopmail.com,Margette.Kronfeld@gmail.com,firefighter
305,Maridel,Dalli,Maridel.Dalli@yopmail.com,Maridel.Dalli@gmail.com,worker
306,Marsiella,Chick,Marsiella.Chick@yopmail.com,Marsiella.Chick@gmail.com,worker
307,Elora,Wiener,Elora.Wiener@yopmail.com,Elora.Wiener@gmail.com,doctor
308,Halette,Tatianas,Halette.Tatianas@yopmail.com,Halette.Tatianas@gmail.com,developer
309,Gerrie,Bouchard,Gerrie.Bouchard@yopmail.com,Gerrie.Bouchard@gmail.com,police officer
310,Fidelia,Haldas,Fidelia.Haldas@yopmail.com,Fidelia.Haldas@gmail.com,doctor
311,Dari,Read,Dari.Read@yopmail.com,Dari.Read@gmail.com,developer
312,Tatiania,Poppy,Tatiania.Poppy@yopmail.com,Tatiania.Poppy@gmail.com,worker
313,Juliane,Neva,Juliane.Neva@yopmail.com,Juliane.Neva@gmail.com,firefighter
314,Veda,Sasnett,Veda.Sasnett@yopmail.com,Veda.Sasnett@gmail.com,developer
315,Ursulina,Berne,Ursulina.Berne@yopmail.com,Ursulina.Berne@gmail.com,worker
316,Liana,Gaspard,Liana.Gaspard@yopmail.com,Liana.Gaspard@gmail.com,doctor
317,Vita,Candy,Vita.Candy@yopmail.com,Vita.Candy@gmail.com,firefighter
318,Kerrin,Isidore,Kerrin.Isidore@yopmail.com,Kerrin.Isidore@gmail.com,police officer
319,Kore,Stoller,Kore.Stoller@yopmail.com,Kore.Stoller@gmail.com,doctor
320,Melina,Leary,Melina.Leary@yopmail.com,Melina.Leary@gmail.com,doctor
321,Eugine,Hubert,Eugine.Hubert@yopmail.com,Eugine.Hubert@gmail.com,police officer
322,Kate,Swigart,Kate.Swigart@yopmail.com,Kate.Swigart@gmail.com,firefighter
323,Gertrud,Bryna,Gertrud.Bryna@yopmail.com,Gertrud.Bryna@gmail.com,firefighter
324,Philis,Berriman,Philis.Berriman@yopmail.com,Philis.Berriman@gmail.com,doctor
325,Tabbatha,Maxi,Tabbatha.Maxi@yopmail.com,Tabbatha.Maxi@gmail.com,police officer
326,Danny,Allina,Danny.Allina@yopmail.com,Danny.Allina@gmail.com,developer
327,Dale,Drus,Dale.Drus@yopmail.com,Dale.Drus@gmail.com,police officer
328,Gale,Sperling,Gale.Sperling@yopmail.com,Gale.Sperling@gmail.com,developer
329,Ezmeralda,Nadia,Ezmeralda.Nadia@yopmail.com,Ezmeralda.Nadia@gmail.com,worker
330,Winifred,Fredi,Winifred.Fredi@yopmail.com,Winifred.Fredi@gmail.com,developer
331,Tersina,Zeeba,Tersina.Zeeba@yopmail.com,Tersina.Zeeba@gmail.com,developer
332,Isa,Liebermann,Isa.Liebermann@yopmail.com,Isa.Liebermann@gmail.com,worker
333,Gusella,Dom,Gusella.Dom@yopmail.com,Gusella.Dom@gmail.com,firefighter
334,Carmencita,Lail,Carmencita.Lail@yopmail.com,Carmencita.Lail@gmail.com,firefighter
335,Katharina,Croix,Katharina.Croix@yopmail.com,Katharina.Croix@gmail.com,doctor
336,Caryl,Rooney,Caryl.Rooney@yopmail.com,Caryl.Rooney@gmail.com,worker
337,Nessie,Ogren,Nessie.Ogren@yopmail.com,Nessie.Ogren@gmail.com,developer
338,Merrie,Hachmin,Merrie.Hachmin@yopmail.com,Merrie.Hachmin@gmail.com,doctor
339,Karlee,Gaulin,Karlee.Gaulin@yopmail.com,Karlee.Gaulin@gmail.com,firefighter
340,Talya,Jess,Talya.Jess@yopmail.com,Talya.Jess@gmail.com,doctor
341,Maridel,Hanleigh,Maridel.Hanleigh@yopmail.com,Maridel.Hanleigh@gmail.com,doctor
342,Sabina,Toni,Sabina.Toni@yopmail.com,Sabina.Toni@gmail.com,worker
343,Lorenza,Corrine,Lorenza.Corrine@yopmail.com,Lorenza.Corrine@gmail.com,police officer
344,Clarice,Ovid,Clarice.Ovid@yopmail.com,Clarice.Ovid@gmail.com,police officer
345,Ivett,Jagir,Ivett.Jagir@yopmail.com,Ivett.Jagir@gmail.com,police officer
346,Wanda,Tybald,Wanda.Tybald@yopmail.com,Wanda.Tybald@gmail.com,police officer
347,Joceline,Teddman,Joceline.Teddman@yopmail.com,Joceline.Teddman@gmail.com,doctor
348,Audrie,Sasnett,Audrie.Sasnett@yopmail.com,Audrie.Sasnett@gmail.com,doctor
349,Dania,Nea,Dania.Nea@yopmail.com,Dania.Nea@gmail.com,worker
350,Ursulina,Seessel,Ursulina.Seessel@yopmail.com,Ursulina.Seessel@gmail.com,doctor
351,Shandie,Johnsson,Shandie.Johnsson@yopmail.com,Shandie.Johnsson@gmail.com,police officer
352,Hettie,Cassius,Hettie.Cassius@yopmail.com,Hettie.Cassius@gmail.com,police officer
353,Teddie,Poppy,Teddie.Poppy@yopmail.com,Teddie.Poppy@gmail.com,worker
354,Caritta,Han,Caritta.Han@yopmail.com,Caritta.Han@gmail.com,doctor
355,Starla,Malvino,Starla.Malvino@yopmail.com,Starla.Malvino@gmail.com,firefighter
356,Kayla,Curren,Kayla.Curren@yopmail.com,Kayla.Curren@gmail.com,police officer
357,Aili,Chapland,Aili.Chapland@yopmail.com,Aili.Chapland@gmail.com,worker
358,Jackie,Ummersen,Jackie.Ummersen@yopmail.com,Jackie.Ummersen@gmail.com,police officer
359,Tilly,Autrey,Tilly.Autrey@yopmail.com,Tilly.Autrey@gmail.com,doctor
360,Sallie,Susannah,Sallie.Susannah@yopmail.com,Sallie.Susannah@gmail.com,doctor
361,Catharine,Shirberg,Catharine.Shirberg@yopmail.com,Catharine.Shirberg@gmail.com,worker
362,Loree,Baylor,Loree.Baylor@yopmail.com,Loree.Baylor@gmail.com,police officer
363,Lila,Fosque,Lila.Fosque@yopmail.com,Lila.Fosque@gmail.com,firefighter
364,Sibella,Fennessy,Sibella.Fennessy@yopmail.com,Sibella.Fennessy@gmail.com,worker
365,Stevana,Publia,Stevana.Publia@yopmail.com,Stevana.Publia@gmail.com,worker
366,Andree,Warthman,Andree.Warthman@yopmail.com,Andree.Warthman@gmail.com,firefighter
367,Madalyn,LaRue,Madalyn.LaRue@yopmail.com,Madalyn.LaRue@gmail.com,firefighter
368,Caressa,Rolf,Caressa.Rolf@yopmail.com,Caressa.Rolf@gmail.com,developer
369,Jere,Juan,Jere.Juan@yopmail.com,Jere.Juan@gmail.com,doctor
370,Myrtice,Concha,Myrtice.Concha@yopmail.com,Myrtice.Concha@gmail.com,worker
371,Shel,Wandie,Shel.Wandie@yopmail.com,Shel.Wandie@gmail.com,firefighter
372,Cacilie,Ingra,Cacilie.Ingra@yopmail.com,Cacilie.Ingra@gmail.com,worker
373,Quintina,Leopold,Quintina.Leopold@yopmail.com,Quintina.Leopold@gmail.com,worker
374,Romona,Gahl,Romona.Gahl@yopmail.com,Romona.Gahl@gmail.com,firefighter
375,Brianna,Gamaliel,Brianna.Gamaliel@yopmail.com,Brianna.Gamaliel@gmail.com,doctor
376,Augustine,Greyson,Augustine.Greyson@yopmail.com,Augustine.Greyson@gmail.com,police officer
377,Anallese,Raul,Anallese.Raul@yopmail.com,Anallese.Raul@gmail.com,worker
378,Sherrie,Gale,Sherrie.Gale@yopmail.com,Sherrie.Gale@gmail.com,firefighter
379,Reeba,Koziara,Reeba.Koziara@yopmail.com,Reeba.Koziara@gmail.com,doctor
380,Charmaine,Jary,Charmaine.Jary@yopmail.com,Charmaine.Jary@gmail.com,developer
381,Farrah,Tryck,Farrah.Tryck@yopmail.com,Farrah.Tryck@gmail.com,developer
382,Gerrie,Killigrew,Gerrie.Killigrew@yopmail.com,Gerrie.Killigrew@gmail.com,firefighter
383,Anestassia,Gabrielli,Anestassia.Gabrielli@yopmail.com,Anestassia.Gabrielli@gmail.com,worker
384,Chrystel,Yam,Chrystel.Yam@yopmail.com,Chrystel.Yam@gmail.com,police officer
385,Adriana,Fabiola,Adriana.Fabiola@yopmail.com,Adriana.Fabiola@gmail.com,police officer
386,Donetta,Nickola,Donetta.Nickola@yopmail.com,Donetta.Nickola@gmail.com,firefighter
387,Ofilia,Egbert,Ofilia.Egbert@yopmail.com,Ofilia.Egbert@gmail.com,firefighter
388,Flo,Devlen,Flo.Devlen@yopmail.com,Flo.Devlen@gmail.com,worker
389,Justinn,Ulphia,Justinn.Ulphia@yopmail.com,Justinn.Ulphia@gmail.com,police officer
390,Sophia,Giff,Sophia.Giff@yopmail.com,Sophia.Giff@gmail.com,doctor
391,Berta,Westphal,Berta.Westphal@yopmail.com,Berta.Westphal@gmail.com,police officer
392,Yolane,Noelyn,Yolane.Noelyn@yopmail.com,Yolane.Noelyn@gmail.com,police officer
393,Madalyn,Erich,Madalyn.Erich@yopmail.com,Madalyn.Erich@gmail.com,police officer
394,Meghann,Dex,Meghann.Dex@yopmail.com,Meghann.Dex@gmail.com,developer
395,Winny,Pernick,Winny.Pernick@yopmail.com,Winny.Pernick@gmail.com,police officer
396,Ottilie,Ackerley,Ottilie.Ackerley@yopmail.com,Ottilie.Ackerley@gmail.com,police officer
397,Chandra,Tarrant,Chandra.Tarrant@yopmail.com,Chandra.Tarrant@gmail.com,firefighter
398,Fidelia,Anselmi,Fidelia.Anselmi@yopmail.com,Fidelia.Anselmi@gmail.com,worker
399,Sindee,Mandler,Sindee.Mandler@yopmail.com,Sindee.Mandler@gmail.com,worker
400,Kassey,Grobe,Kassey.Grobe@yopmail.com,Kassey.Grobe@gmail.com,developer
401,Margarette,Idelia,Margarette.Idelia@yopmail.com,Margarette.Idelia@gmail.com,doctor
402,Ann-Marie,Redmond,Ann-Marie.Redmond@yopmail.com,Ann-Marie.Redmond@gmail.com,developer
403,Darci,Garek,Darci.Garek@yopmail.com,Darci.Garek@gmail.com,police officer
404,Kaja,Wind,Kaja.Wind@yopmail.com,Kaja.Wind@gmail.com,police officer
405,Emilia,Moina,Emilia.Moina@yopmail.com,Emilia.Moina@gmail.com,police officer
406,Danny,Chobot,Danny.Chobot@yopmail.com,Danny.Chobot@gmail.com,firefighter
407,Elie,Helfand,Elie.Helfand@yopmail.com,Elie.Helfand@gmail.com,developer
408,Dulcinea,Quinn,Dulcinea.Quinn@yopmail.com,Dulcinea.Quinn@gmail.com,firefighter
409,Lorenza,Dominy,Lorenza.Dominy@yopmail.com,Lorenza.Dominy@gmail.com,firefighter
410,Rochette,Olympium,Rochette.Olympium@yopmail.com,Rochette.Olympium@gmail.com,police officer
411,Ethel,Stoller,Ethel.Stoller@yopmail.com,Ethel.Stoller@gmail.com,worker
412,Lexine,Brian,Lexine.Brian@yopmail.com,Lexine.Brian@gmail.com,developer
413,Kellen,Stefa,Kellen.Stefa@yopmail.com,Kellen.Stefa@gmail.com,developer
414,Sam,August,Sam.August@yopmail.com,Sam.August@gmail.com,developer
415,Cathie,Juliet,Cathie.Juliet@yopmail.com,Cathie.Juliet@gmail.com,developer
416,Iseabal,Helfand,Iseabal.Helfand@yopmail.com,Iseabal.Helfand@gmail.com,worker
417,Lynea,Zuzana,Lynea.Zuzana@yopmail.com,Lynea.Zuzana@gmail.com,firefighter
418,Sidoney,Diann,Sidoney.Diann@yopmail.com,Sidoney.Diann@gmail.com,firefighter
419,Molli,Caitlin,Molli.Caitlin@yopmail.com,Molli.Caitlin@gmail.com,developer
420,Arabel,Zenas,Arabel.Zenas@yopmail.com,Arabel.Zenas@gmail.com,police officer
421,Maurene,Pip,Maurene.Pip@yopmail.com,Maurene.Pip@gmail.com,firefighter
422,Yvonne,Kendrick,Yvonne.Kendrick@yopmail.com,Yvonne.Kendrick@gmail.com,police officer
423,Tarra,Abbot,Tarra.Abbot@yopmail.com,Tarra.Abbot@gmail.com,developer
424,Fayre,Herrera,Fayre.Herrera@yopmail.com,Fayre.Herrera@gmail.com,firefighter
425,Karina,Corrine,Karina.Corrine@yopmail.com,Karina.Corrine@gmail.com,police officer
426,Ileana,Serilda,Ileana.Serilda@yopmail.com,Ileana.Serilda@gmail.com,police officer
427,Carilyn,Ricarda,Carilyn.Ricarda@yopmail.com,Carilyn.Ricarda@gmail.com,police officer
428,Brandise,Stover,Brandise.Stover@yopmail.com,Brandise.Stover@gmail.com,firefighter
429,Nicoli,Joseph,Nicoli.Joseph@yopmail.com,Nicoli.Joseph@gmail.com,police officer
430,Tera,Ellerey,Tera.Ellerey@yopmail.com,Tera.Ellerey@gmail.com,doctor
431,Althea,Emerson,Althea.Emerson@yopmail.com,Althea.Emerson@gmail.com,firefighter
432,Jobi,Valoniah,Jobi.Valoniah@yopmail.com,Jobi.Valoniah@gmail.com,worker
433,Clary,Artie,Clary.Artie@yopmail.com,Clary.Artie@gmail.com,police officer
434,Henriette,Lubin,Henriette.Lubin@yopmail.com,Henriette.Lubin@gmail.com,worker
435,Shaine,Wareing,Shaine.Wareing@yopmail.com,Shaine.Wareing@gmail.com,developer
436,Ada,Raama,Ada.Raama@yopmail.com,Ada.Raama@gmail.com,developer
437,Ulrike,Bibi,Ulrike.Bibi@yopmail.com,Ulrike.Bibi@gmail.com,worker
438,Roseline,Chandler,Roseline.Chandler@yopmail.com,Roseline.Chandler@gmail.com,firefighter
439,Julieta,Tamar,Julieta.Tamar@yopmail.com,Julieta.Tamar@gmail.com,police officer
440,Gerianna,Pascia,Gerianna.Pascia@yopmail.com,Gerianna.Pascia@gmail.com,doctor
441,Mellicent,Bigner,Mellicent.Bigner@yopmail.com,Mellicent.Bigner@gmail.com,police officer
442,Renie,Heisel,Renie.Heisel@yopmail.com,Renie.Heisel@gmail.com,developer
443,Kristan,Markman,Kristan.Markman@yopmail.com,Kristan.Markman@gmail.com,police officer
444,Dorice,Ortrude,Dorice.Ortrude@yopmail.com,Dorice.Ortrude@gmail.com,police officer
445,Nannie,Magnolia,Nannie.Magnolia@yopmail.com,Nannie.Magnolia@gmail.com,doctor
446,Stacey,Clara,Stacey.Clara@yopmail.com,Stacey.Clara@gmail.com,developer
447,Suzette,Blisse,Suzette.Blisse@yopmail.com,Suzette.Blisse@gmail.com,doctor
448,Wynne,Aida,Wynne.Aida@yopmail.com,Wynne.Aida@gmail.com,firefighter
449,Aurelie,Ethban,Aurelie.Ethban@yopmail.com,Aurelie.Ethban@gmail.com,police officer
450,Genovera,Pond,Genovera.Pond@yopmail.com,Genovera.Pond@gmail.com,developer
451,Brana,Hubert,Brana.Hubert@yopmail.com,Brana.Hubert@gmail.com,firefighter
452,Adriana,Alice,Adriana.Alice@yopmail.com,Adriana.Alice@gmail.com,firefighter
453,Aimil,Elbertina,Aimil.Elbertina@yopmail.com,Aimil.Elbertina@gmail.com,developer
454,Fayre,Shanley,Fayre.Shanley@yopmail.com,Fayre.Shanley@gmail.com,worker
455,Ernesta,Franza,Ernesta.Franza@yopmail.com,Ernesta.Franza@gmail.com,worker
456,Zia,Pettiford,Zia.Pettiford@yopmail.com,Zia.Pettiford@gmail.com,doctor
457,Korrie,Deegan,Korrie.Deegan@yopmail.com,Korrie.Deegan@gmail.com,police officer
458,Dorothy,Chandler,Dorothy.Chandler@yopmail.com,Dorothy.Chandler@gmail.com,doctor
459,Emylee,Lory,Emylee.Lory@yopmail.com,Emylee.Lory@gmail.com,police officer
460,Josephine,Vale,Josephine.Vale@yopmail.com,Josephine.Vale@gmail.com,doctor
461,Lesly,Truc,Lesly.Truc@yopmail.com,Lesly.Truc@gmail.com,worker
462,Lilith,Dalli,Lilith.Dalli@yopmail.com,Lilith.Dalli@gmail.com,developer
463,Zaria,Bibi,Zaria.Bibi@yopmail.com,Zaria.Bibi@gmail.com,police officer
464,Therine,Gahl,Therine.Gahl@yopmail.com,Therine.Gahl@gmail.com,doctor
465,Flory,Stilwell,Flory.Stilwell@yopmail.com,Flory.Stilwell@gmail.com,police officer
466,Althea,Fillbert,Althea.Fillbert@yopmail.com,Althea.Fillbert@gmail.com,worker
467,Tina,Shama,Tina.Shama@yopmail.com,Tina.Shama@gmail.com,worker
468,Karly,Marijo,Karly.Marijo@yopmail.com,Karly.Marijo@gmail.com,doctor
469,Cam,Hamil,Cam.Hamil@yopmail.com,Cam.Hamil@gmail.com,developer
470,Pollyanna,Schenck,Pollyanna.Schenck@yopmail.com,Pollyanna.Schenck@gmail.com,developer
471,Cristine,Gherardo,Cristine.Gherardo@yopmail.com,Cristine.Gherardo@gmail.com,firefighter
472,Wilma,Whiffen,Wilma.Whiffen@yopmail.com,Wilma.Whiffen@gmail.com,developer
473,Brianna,Susannah,Brianna.Susannah@yopmail.com,Brianna.Susannah@gmail.com,police officer
474,Therine,Bertold,Therine.Bertold@yopmail.com,Therine.Bertold@gmail.com,developer
475,Karina,Hachmin,Karina.Hachmin@yopmail.com,Karina.Hachmin@gmail.com,police officer
476,Britte,Westphal,Britte.Westphal@yopmail.com,Britte.Westphal@gmail.com,worker
477,Bill,Noelyn,Bill.Noelyn@yopmail.com,Bill.Noelyn@gmail.com,doctor
478,Lucy,Breed,Lucy.Breed@yopmail.com,Lucy.Breed@gmail.com,firefighter
479,Adore,Japeth,Adore.Japeth@yopmail.com,Adore.Japeth@gmail.com,developer
480,Albertina,Fosque,Albertina.Fosque@yopmail.com,Albertina.Fosque@gmail.com,police officer
481,Sara-Ann,Manolo,Sara-Ann.Manolo@yopmail.com,Sara-Ann.Manolo@gmail.com,doctor
482,Dode,Rocray,Dode.Rocray@yopmail.com,Dode.Rocray@gmail.com,police officer
483,Caryl,Sherfield,Caryl.Sherfield@yopmail.com,Caryl.Sherfield@gmail.com,doctor
484,Nollie,Nahum,Nollie.Nahum@yopmail.com,Nollie.Nahum@gmail.com,developer
485,Gale,Lilybelle,Gale.Lilybelle@yopmail.com,Gale.Lilybelle@gmail.com,doctor
486,Dacia,Hunfredo,Dacia.Hunfredo@yopmail.com,Dacia.Hunfredo@gmail.com,police officer
487,Millie,Alice,Millie.Alice@yopmail.com,Millie.Alice@gmail.com,developer
488,Gaylene,Durware,Gaylene.Durware@yopmail.com,Gaylene.Durware@gmail.com,developer
489,Bobinette,Nicoline,Bobinette.Nicoline@yopmail.com,Bobinette.Nicoline@gmail.com,police officer
490,Kimberley,Miru,Kimberley.Miru@yopmail.com,Kimberley.Miru@gmail.com,developer
491,Eolanda,Bultman,Eolanda.Bultman@yopmail.com,Eolanda.Bultman@gmail.com,police officer
492,Jaclyn,Middleton,Jaclyn.Middleton@yopmail.com,Jaclyn.Middleton@gmail.com,worker
493,Florencia,Creamer,Florencia.Creamer@yopmail.com,Florencia.Creamer@gmail.com,firefighter
494,Gilda,Cressida,Gilda.Cressida@yopmail.com,Gilda.Cressida@gmail.com,doctor
495,Jasmina,Nunci,Jasmina.Nunci@yopmail.com,Jasmina.Nunci@gmail.com,worker
496,Gusella,Oriana,Gusella.Oriana@yopmail.com,Gusella.Oriana@gmail.com,worker
497,Ashlee,Haymes,Ashlee.Haymes@yopmail.com,Ashlee.Haymes@gmail.com,worker
498,Grier,Aaberg,Grier.Aaberg@yopmail.com,Grier.Aaberg@gmail.com,developer
499,Judy,Poppy,Judy.Poppy@yopmail.com,Judy.Poppy@gmail.com,worker
500,Lanna,Tufts,Lanna.Tufts@yopmail.com,Lanna.Tufts@gmail.com,firefighter
501,Katleen,Sikorski,Katleen.Sikorski@yopmail.com,Katleen.Sikorski@gmail.com,developer
502,Sadie,Sundin,Sadie.Sundin@yopmail.com,Sadie.Sundin@gmail.com,developer
503,Hallie,Pip,Hallie.Pip@yopmail.com,Hallie.Pip@gmail.com,worker
504,Lenna,Slifka,Lenna.Slifka@yopmail.com,Lenna.Slifka@gmail.com,doctor
505,Bobbi,Henebry,Bobbi.Henebry@yopmail.com,Bobbi.Henebry@gmail.com,doctor
506,Tobe,Gilmour,Tobe.Gilmour@yopmail.com,Tobe.Gilmour@gmail.com,worker
507,Talya,Richers,Talya.Richers@yopmail.com,Talya.Richers@gmail.com,doctor
508,Linet,Maurine,Linet.Maurine@yopmail.com,Linet.Maurine@gmail.com,developer
509,Sherrie,Harned,Sherrie.Harned@yopmail.com,Sherrie.Harned@gmail.com,police officer
510,Gale,Posner,Gale.Posner@yopmail.com,Gale.Posner@gmail.com,firefighter
511,Inga,Evvie,Inga.Evvie@yopmail.com,Inga.Evvie@gmail.com,developer
512,Raina,Pattin,Raina.Pattin@yopmail.com,Raina.Pattin@gmail.com,worker
513,Agathe,Amethist,Agathe.Amethist@yopmail.com,Agathe.Amethist@gmail.com,worker
514,Aurelie,Wareing,Aurelie.Wareing@yopmail.com,Aurelie.Wareing@gmail.com,doctor
515,Maye,Ogren,Maye.Ogren@yopmail.com,Maye.Ogren@gmail.com,worker
516,Elka,Cordi,Elka.Cordi@yopmail.com,Elka.Cordi@gmail.com,firefighter
517,Bee,Bach,Bee.Bach@yopmail.com,Bee.Bach@gmail.com,police officer
518,Cassandra,Vorster,Cassandra.Vorster@yopmail.com,Cassandra.Vorster@gmail.com,police officer
519,Flory,Brian,Flory.Brian@yopmail.com,Flory.Brian@gmail.com,developer
520,Tressa,Cornelia,Tressa.Cornelia@yopmail.com,Tressa.Cornelia@gmail.com,worker
521,Lita,Aida,Lita.Aida@yopmail.com,Lita.Aida@gmail.com,developer
522,Amalie,Emerson,Amalie.Emerson@yopmail.com,Amalie.Emerson@gmail.com,worker
523,Dorothy,Horan,Dorothy.Horan@yopmail.com,Dorothy.Horan@gmail.com,worker
524,Madelle,Jerald,Madelle.Jerald@yopmail.com,Madelle.Jerald@gmail.com,firefighter
525,Jenilee,Ortrude,Jenilee.Ortrude@yopmail.com,Jenilee.Ortrude@gmail.com,doctor
526,Christy,Rogerio,Christy.Rogerio@yopmail.com,Christy.Rogerio@gmail.com,doctor
527,Jaime,Flita,Jaime.Flita@yopmail.com,Jaime.Flita@gmail.com,worker
528,Elora,Braun,Elora.Braun@yopmail.com,Elora.Braun@gmail.com,developer
529,Briney,Rurik,Briney.Rurik@yopmail.com,Briney.Rurik@gmail.com,worker
530,Amara,Tarrant,Amara.Tarrant@yopmail.com,Amara.Tarrant@gmail.com,worker
531,Addia,Hessler,Addia.Hessler@yopmail.com,Addia.Hessler@gmail.com,developer
532,Hyacinthe,Gunn,Hyacinthe.Gunn@yopmail.com,Hyacinthe.Gunn@gmail.com,police officer
533,Morganica,Lipson,Morganica.Lipson@yopmail.com,Morganica.Lipson@gmail.com,doctor
534,Lynde,Philipp,Lynde.Philipp@yopmail.com,Lynde.Philipp@gmail.com,doctor
535,Christal,Harday,Christal.Harday@yopmail.com,Christal.Harday@gmail.com,police officer
536,Cherrita,Wadell,Cherrita.Wadell@yopmail.com,Cherrita.Wadell@gmail.com,developer
537,Ada,Hull,Ada.Hull@yopmail.com,Ada.Hull@gmail.com,doctor
538,Britte,Jenness,Britte.Jenness@yopmail.com,Britte.Jenness@gmail.com,worker
539,Jere,Natica,Jere.Natica@yopmail.com,Jere.Natica@gmail.com,doctor
540,Darlleen,Kamaria,Darlleen.Kamaria@yopmail.com,Darlleen.Kamaria@gmail.com,police officer
541,Consuela,Byrne,Consuela.Byrne@yopmail.com,Consuela.Byrne@gmail.com,police officer
542,Lucille,Weaks,Lucille.Weaks@yopmail.com,Lucille.Weaks@gmail.com,police officer
543,Brynna,Sandye,Brynna.Sandye@yopmail.com,Brynna.Sandye@gmail.com,police officer
544,Brynna,Wilona,Brynna.Wilona@yopmail.com,Brynna.Wilona@gmail.com,worker
545,Florie,Lenny,Florie.Lenny@yopmail.com,Florie.Lenny@gmail.com,developer
546,Tina,Ivens,Tina.Ivens@yopmail.com,Tina.Ivens@gmail.com,worker
547,Anallese,Saint,Anallese.Saint@yopmail.com,Anallese.Saint@gmail.com,developer
548,Jacenta,Stav,Jacenta.Stav@yopmail.com,Jacenta.Stav@gmail.com,worker
549,Sean,Hessler,Sean.Hessler@yopmail.com,Sean.Hessler@gmail.com,developer
550,Brietta,Dorine,Brietta.Dorine@yopmail.com,Brietta.Dorine@gmail.com,doctor
551,Jeanna,Hourigan,Jeanna.Hourigan@yopmail.com,Jeanna.Hourigan@gmail.com,developer
552,Dode,Kauppi,Dode.Kauppi@yopmail.com,Dode.Kauppi@gmail.com,doctor
553,Konstance,Screens,Konstance.Screens@yopmail.com,Konstance.Screens@gmail.com,police officer
554,Nataline,Chick,Nataline.Chick@yopmail.com,Nataline.Chick@gmail.com,developer
555,Lilith,Belanger,Lilith.Belanger@yopmail.com,Lilith.Belanger@gmail.com,developer
556,Deloria,Slifka,Deloria.Slifka@yopmail.com,Deloria.Slifka@gmail.com,police officer
557,Ulrike,Pearse,Ulrike.Pearse@yopmail.com,Ulrike.Pearse@gmail.com,firefighter
558,Jerry,Middleton,Jerry.Middleton@yopmail.com,Jerry.Middleton@gmail.com,police officer
559,Fidelia,Strephon,Fidelia.Strephon@yopmail.com,Fidelia.Strephon@gmail.com,police officer
560,Althea,Evvie,Althea.Evvie@yopmail.com,Althea.Evvie@gmail.com,developer
561,Amii,Sheedy,Amii.Sheedy@yopmail.com,Amii.Sheedy@gmail.com,doctor
562,Anthia,Alisia,Anthia.Alisia@yopmail.com,Anthia.Alisia@gmail.com,firefighter
563,Rori,Codding,Rori.Codding@yopmail.com,Rori.Codding@gmail.com,developer
564,Zsa Zsa,Fiester,Zsa Zsa.Fiester@yopmail.com,Zsa Zsa.Fiester@gmail.com,developer
565,Meg,Fabiola,Meg.Fabiola@yopmail.com,Meg.Fabiola@gmail.com,developer
566,Brooks,An,Brooks.An@yopmail.com,Brooks.An@gmail.com,doctor
567,Jany,Skell,Jany.Skell@yopmail.com,Jany.Skell@gmail.com,firefighter
568,Shel,Tacye,Shel.Tacye@yopmail.com,Shel.Tacye@gmail.com,worker
569,Raquela,Alejoa,Raquela.Alejoa@yopmail.com,Raquela.Alejoa@gmail.com,developer
570,Roxane,Corabella,Roxane.Corabella@yopmail.com,Roxane.Corabella@gmail.com,developer
571,Dania,Lalitta,Dania.Lalitta@yopmail.com,Dania.Lalitta@gmail.com,police officer
572,Mara,Afton,Mara.Afton@yopmail.com,Mara.Afton@gmail.com,doctor
573,Briney,Dash,Briney.Dash@yopmail.com,Briney.Dash@gmail.com,doctor
574,Elvira,Cavan,Elvira.Cavan@yopmail.com,Elvira.Cavan@gmail.com,worker
575,Adelle,Gillan,Adelle.Gillan@yopmail.com,Adelle.Gillan@gmail.com,worker
576,Clary,Esmaria,Clary.Esmaria@yopmail.com,Clary.Esmaria@gmail.com,doctor
577,Goldie,Chandler,Goldie.Chandler@yopmail.com,Goldie.Chandler@gmail.com,worker
578,Kalina,Raffo,Kalina.Raffo@yopmail.com,Kalina.Raffo@gmail.com,firefighter
579,Dione,Hirsch,Dione.Hirsch@yopmail.com,Dione.Hirsch@gmail.com,police officer
580,Jessy,Ardeha,Jessy.Ardeha@yopmail.com,Jessy.Ardeha@gmail.com,police officer
581,Hallie,Schwejda,Hallie.Schwejda@yopmail.com,Hallie.Schwejda@gmail.com,worker
582,Beverley,Bultman,Beverley.Bultman@yopmail.com,Beverley.Bultman@gmail.com,police officer
583,Gloria,Vacuva,Gloria.Vacuva@yopmail.com,Gloria.Vacuva@gmail.com,doctor
584,Nita,Michella,Nita.Michella@yopmail.com,Nita.Michella@gmail.com,doctor
585,Linzy,Casimir,Linzy.Casimir@yopmail.com,Linzy.Casimir@gmail.com,worker
586,Ottilie,Bury,Ottilie.Bury@yopmail.com,Ottilie.Bury@gmail.com,developer
587,Sonni,Francyne,Sonni.Francyne@yopmail.com,Sonni.Francyne@gmail.com,police officer
588,Madelle,Cimbura,Madelle.Cimbura@yopmail.com,Madelle.Cimbura@gmail.com,worker
589,Oralee,Miru,Oralee.Miru@yopmail.com,Oralee.Miru@gmail.com,firefighter
590,Ebonee,Barbey,Ebonee.Barbey@yopmail.com,Ebonee.Barbey@gmail.com,doctor
591,Albertina,Si,Albertina.Si@yopmail.com,Albertina.Si@gmail.com,developer
592,Nelle,Auberbach,Nelle.Auberbach@yopmail.com,Nelle.Auberbach@gmail.com,developer
593,Rayna,Kevon,Rayna.Kevon@yopmail.com,Rayna.Kevon@gmail.com,police officer
594,Melodie,Jacqui,Melodie.Jacqui@yopmail.com,Melodie.Jacqui@gmail.com,developer
595,Jorry,Ummersen,Jorry.Ummersen@yopmail.com,Jorry.Ummersen@gmail.com,doctor
596,Lorie,Lemuela,Lorie.Lemuela@yopmail.com,Lorie.Lemuela@gmail.com,police officer
597,Christy,Kelula,Christy.Kelula@yopmail.com,Christy.Kelula@gmail.com,police officer
598,Gabi,Artie,Gabi.Artie@yopmail.com,Gabi.Artie@gmail.com,developer
599,Felice,Masao,Felice.Masao@yopmail.com,Felice.Masao@gmail.com,worker
600,Rebeca,Konyn,Rebeca.Konyn@yopmail.com,Rebeca.Konyn@gmail.com,police officer
601,Tierney,Fiann,Tierney.Fiann@yopmail.com,Tierney.Fiann@gmail.com,developer
602,Gale,Phaidra,Gale.Phaidra@yopmail.com,Gale.Phaidra@gmail.com,developer
603,Pollyanna,Catie,Pollyanna.Catie@yopmail.com,Pollyanna.Catie@gmail.com,doctor
604,Sam,Mozelle,Sam.Mozelle@yopmail.com,Sam.Mozelle@gmail.com,police officer
605,Dorthy,Vilma,Dorthy.Vilma@yopmail.com,Dorthy.Vilma@gmail.com,firefighter
606,Christian,Croix,Christian.Croix@yopmail.com,Christian.Croix@gmail.com,developer
607,Andree,Erlandson,Andree.Erlandson@yopmail.com,Andree.Erlandson@gmail.com,doctor
608,Gaylene,Artie,Gaylene.Artie@yopmail.com,Gaylene.Artie@gmail.com,worker
609,Merci,Dahlia,Merci.Dahlia@yopmail.com,Merci.Dahlia@gmail.com,police officer
610,Yetty,Georas,Yetty.Georas@yopmail.com,Yetty.Georas@gmail.com,worker
611,Morganica,Glovsky,Morganica.Glovsky@yopmail.com,Morganica.Glovsky@gmail.com,police officer
612,Lory,Margret,Lory.Margret@yopmail.com,Lory.Margret@gmail.com,firefighter
613,Molli,Natica,Molli.Natica@yopmail.com,Molli.Natica@gmail.com,worker
614,Olwen,Kalinda,Olwen.Kalinda@yopmail.com,Olwen.Kalinda@gmail.com,worker
615,Anestassia,Martsen,Anestassia.Martsen@yopmail.com,Anestassia.Martsen@gmail.com,worker
616,Cyndie,Darian,Cyndie.Darian@yopmail.com,Cyndie.Darian@gmail.com,developer
617,Trixi,Mathilde,Trixi.Mathilde@yopmail.com,Trixi.Mathilde@gmail.com,firefighter
618,Tina,Dulciana,Tina.Dulciana@yopmail.com,Tina.Dulciana@gmail.com,worker
619,Concettina,Nunci,Concettina.Nunci@yopmail.com,Concettina.Nunci@gmail.com,police officer
620,Ruthe,Peg,Ruthe.Peg@yopmail.com,Ruthe.Peg@gmail.com,police officer
621,Evaleen,Rozanna,Evaleen.Rozanna@yopmail.com,Evaleen.Rozanna@gmail.com,doctor
622,Valeda,Serilda,Valeda.Serilda@yopmail.com,Valeda.Serilda@gmail.com,police officer
623,Maye,Talia,Maye.Talia@yopmail.com,Maye.Talia@gmail.com,developer
624,Mallory,Stav,Mallory.Stav@yopmail.com,Mallory.Stav@gmail.com,firefighter
625,Max,Prober,Max.Prober@yopmail.com,Max.Prober@gmail.com,police officer
626,Katharina,Garek,Katharina.Garek@yopmail.com,Katharina.Garek@gmail.com,doctor
627,Nicoli,Shelba,Nicoli.Shelba@yopmail.com,Nicoli.Shelba@gmail.com,police officer
628,Vere,Loring,Vere.Loring@yopmail.com,Vere.Loring@gmail.com,worker
629,Jeanna,Kenney,Jeanna.Kenney@yopmail.com,Jeanna.Kenney@gmail.com,police officer
630,Ana,Kenney,Ana.Kenney@yopmail.com,Ana.Kenney@gmail.com,police officer
631,Lorenza,Tice,Lorenza.Tice@yopmail.com,Lorenza.Tice@gmail.com,police officer
632,Mamie,August,Mamie.August@yopmail.com,Mamie.August@gmail.com,firefighter
633,Dagmar,Ambrosia,Dagmar.Ambrosia@yopmail.com,Dagmar.Ambrosia@gmail.com,firefighter
634,Jackie,Odell,Jackie.Odell@yopmail.com,Jackie.Odell@gmail.com,worker
635,Deedee,Zitvaa,Deedee.Zitvaa@yopmail.com,Deedee.Zitvaa@gmail.com,worker
636,Jaclyn,Etom,Jaclyn.Etom@yopmail.com,Jaclyn.Etom@gmail.com,doctor
637,Joy,Curren,Joy.Curren@yopmail.com,Joy.Curren@gmail.com,doctor
638,Shauna,Mauer,Shauna.Mauer@yopmail.com,Shauna.Mauer@gmail.com,developer
639,Annecorinne,Darbie,Annecorinne.Darbie@yopmail.com,Annecorinne.Darbie@gmail.com,developer
640,Penelopa,Laurianne,Penelopa.Laurianne@yopmail.com,Penelopa.Laurianne@gmail.com,police officer
641,Karlee,Fiester,Karlee.Fiester@yopmail.com,Karlee.Fiester@gmail.com,doctor
642,Carlie,Natalia,Carlie.Natalia@yopmail.com,Carlie.Natalia@gmail.com,worker
643,Rosene,Beebe,Rosene.Beebe@yopmail.com,Rosene.Beebe@gmail.com,worker
644,Babita,Sallyann,Babita.Sallyann@yopmail.com,Babita.Sallyann@gmail.com,worker
645,Glynnis,Gaynor,Glynnis.Gaynor@yopmail.com,Glynnis.Gaynor@gmail.com,firefighter
646,Meg,Caitlin,Meg.Caitlin@yopmail.com,Meg.Caitlin@gmail.com,developer
647,Mathilda,Tyson,Mathilda.Tyson@yopmail.com,Mathilda.Tyson@gmail.com,police officer
648,Amalie,Auberbach,Amalie.Auberbach@yopmail.com,Amalie.Auberbach@gmail.com,doctor
649,Gratia,Harl,Gratia.Harl@yopmail.com,Gratia.Harl@gmail.com,developer
650,Lanae,Sheedy,Lanae.Sheedy@yopmail.com,Lanae.Sheedy@gmail.com,doctor
651,Anica,Solitta,Anica.Solitta@yopmail.com,Anica.Solitta@gmail.com,doctor
652,Tamqrah,Johnsson,Tamqrah.Johnsson@yopmail.com,Tamqrah.Johnsson@gmail.com,developer
653,Mallory,Kellby,Mallory.Kellby@yopmail.com,Mallory.Kellby@gmail.com,developer
654,Jenda,Myrilla,Jenda.Myrilla@yopmail.com,Jenda.Myrilla@gmail.com,firefighter
655,Shaine,Hedve,Shaine.Hedve@yopmail.com,Shaine.Hedve@gmail.com,police officer
656,Zaria,Virgin,Zaria.Virgin@yopmail.com,Zaria.Virgin@gmail.com,developer
657,Merrie,Leary,Merrie.Leary@yopmail.com,Merrie.Leary@gmail.com,developer
658,Arabel,Granoff,Arabel.Granoff@yopmail.com,Arabel.Granoff@gmail.com,police officer
659,Grier,Brotherson,Grier.Brotherson@yopmail.com,Grier.Brotherson@gmail.com,doctor
660,Marguerite,O'Rourke,Marguerite.O'Rourke@yopmail.com,Marguerite.O'Rourke@gmail.com,police officer
661,Brynna,Strephon,Brynna.Strephon@yopmail.com,Brynna.Strephon@gmail.com,police officer
662,Esmeralda,Seessel,Esmeralda.Seessel@yopmail.com,Esmeralda.Seessel@gmail.com,doctor
663,Nannie,Nickola,Nannie.Nickola@yopmail.com,Nannie.Nickola@gmail.com,police officer
664,Dulcinea,Garlinda,Dulcinea.Garlinda@yopmail.com,Dulcinea.Garlinda@gmail.com,worker
665,Teddie,Gibbeon,Teddie.Gibbeon@yopmail.com,Teddie.Gibbeon@gmail.com,worker
666,Florencia,Gower,Florencia.Gower@yopmail.com,Florencia.Gower@gmail.com,developer
667,Nadine,Kunin,Nadine.Kunin@yopmail.com,Nadine.Kunin@gmail.com,firefighter
668,Sandie,Fry,Sandie.Fry@yopmail.com,Sandie.Fry@gmail.com,firefighter
669,Jennica,Narton,Jennica.Narton@yopmail.com,Jennica.Narton@gmail.com,police officer
670,Correy,Wareing,Correy.Wareing@yopmail.com,Correy.Wareing@gmail.com,police officer
671,Norine,Japeth,Norine.Japeth@yopmail.com,Norine.Japeth@gmail.com,firefighter
672,Sybille,Brackely,Sybille.Brackely@yopmail.com,Sybille.Brackely@gmail.com,developer
673,Giustina,Nance,Giustina.Nance@yopmail.com,Giustina.Nance@gmail.com,worker
674,Dorice,Orpah,Dorice.Orpah@yopmail.com,Dorice.Orpah@gmail.com,worker
675,Bertine,Harriman,Bertine.Harriman@yopmail.com,Bertine.Harriman@gmail.com,worker
676,Kittie,Terrence,Kittie.Terrence@yopmail.com,Kittie.Terrence@gmail.com,police officer
677,Shell,Parette,Shell.Parette@yopmail.com,Shell.Parette@gmail.com,worker
678,Frank,Arne,Frank.Arne@yopmail.com,Frank.Arne@gmail.com,police officer
679,Agnese,Diann,Agnese.Diann@yopmail.com,Agnese.Diann@gmail.com,firefighter
680,Regina,Friede,Regina.Friede@yopmail.com,Regina.Friede@gmail.com,doctor
681,Sallie,Alwin,Sallie.Alwin@yopmail.com,Sallie.Alwin@gmail.com,worker
682,Heddie,Gavrila,Heddie.Gavrila@yopmail.com,Heddie.Gavrila@gmail.com,developer
683,Gerianna,Gilmour,Gerianna.Gilmour@yopmail.com,Gerianna.Gilmour@gmail.com,police officer
684,Augustine,Johanna,Augustine.Johanna@yopmail.com,Augustine.Johanna@gmail.com,firefighter
685,Moyna,Elvyn,Moyna.Elvyn@yopmail.com,Moyna.Elvyn@gmail.com,developer
686,Karina,Felizio,Karina.Felizio@yopmail.com,Karina.Felizio@gmail.com,firefighter
687,Susan,Tillford,Susan.Tillford@yopmail.com,Susan.Tillford@gmail.com,doctor
688,Raquela,Garek,Raquela.Garek@yopmail.com,Raquela.Garek@gmail.com,developer
689,Winny,Diogenes,Winny.Diogenes@yopmail.com,Winny.Diogenes@gmail.com,firefighter
690,Leona,Alfons,Leona.Alfons@yopmail.com,Leona.Alfons@gmail.com,doctor
691,Carmela,Azeria,Carmela.Azeria@yopmail.com,Carmela.Azeria@gmail.com,firefighter
692,Marita,Dearborn,Marita.Dearborn@yopmail.com,Marita.Dearborn@gmail.com,firefighter
693,Lila,Giule,Lila.Giule@yopmail.com,Lila.Giule@gmail.com,firefighter
694,Kathi,Lindemann,Kathi.Lindemann@yopmail.com,Kathi.Lindemann@gmail.com,developer
695,Livvyy,Adore,Livvyy.Adore@yopmail.com,Livvyy.Adore@gmail.com,developer
696,Kirstin,Hourigan,Kirstin.Hourigan@yopmail.com,Kirstin.Hourigan@gmail.com,firefighter
697,Ginnie,Anastatius,Ginnie.Anastatius@yopmail.com,Ginnie.Anastatius@gmail.com,police officer
698,Xylina,Etom,Xylina.Etom@yopmail.com,Xylina.Etom@gmail.com,firefighter
699,Corly,Katrine,Corly.Katrine@yopmail.com,Corly.Katrine@gmail.com,police officer
700,Monika,Tjon,Monika.Tjon@yopmail.com,Monika.Tjon@gmail.com,developer
701,Lynde,Scammon,Lynde.Scammon@yopmail.com,Lynde.Scammon@gmail.com,firefighter
702,Olivette,Colbert,Olivette.Colbert@yopmail.com,Olivette.Colbert@gmail.com,developer
703,Marcelline,Marsden,Marcelline.Marsden@yopmail.com,Marcelline.Marsden@gmail.com,firefighter
704,Linet,Anastatius,Linet.Anastatius@yopmail.com,Linet.Anastatius@gmail.com,worker
705,June,Gamaliel,June.Gamaliel@yopmail.com,June.Gamaliel@gmail.com,firefighter
706,Karly,Billye,Karly.Billye@yopmail.com,Karly.Billye@gmail.com,firefighter
707,Nanete,Orpah,Nanete.Orpah@yopmail.com,Nanete.Orpah@gmail.com,developer
708,Mallory,Waldron,Mallory.Waldron@yopmail.com,Mallory.Waldron@gmail.com,doctor
709,Bobbi,Gwenore,Bobbi.Gwenore@yopmail.com,Bobbi.Gwenore@gmail.com,worker
710,Harrietta,Camden,Harrietta.Camden@yopmail.com,Harrietta.Camden@gmail.com,worker
711,Talya,Waldron,Talya.Waldron@yopmail.com,Talya.Waldron@gmail.com,doctor
712,Janenna,Tufts,Janenna.Tufts@yopmail.com,Janenna.Tufts@gmail.com,doctor
713,Valeda,Maxi,Valeda.Maxi@yopmail.com,Valeda.Maxi@gmail.com,doctor
714,Emmey,Wilona,Emmey.Wilona@yopmail.com,Emmey.Wilona@gmail.com,developer
715,Deirdre,Holbrook,Deirdre.Holbrook@yopmail.com,Deirdre.Holbrook@gmail.com,police officer
716,Brynna,Ethban,Brynna.Ethban@yopmail.com,Brynna.Ethban@gmail.com,police officer
717,Keelia,Beebe,Keelia.Beebe@yopmail.com,Keelia.Beebe@gmail.com,developer
718,Lindie,Brotherson,Lindie.Brotherson@yopmail.com,Lindie.Brotherson@gmail.com,doctor
719,Gusella,Aldric,Gusella.Aldric@yopmail.com,Gusella.Aldric@gmail.com,worker
720,Addia,Munn,Addia.Munn@yopmail.com,Addia.Munn@gmail.com,worker
721,Brianna,Dielu,Brianna.Dielu@yopmail.com,Brianna.Dielu@gmail.com,developer
722,Jillayne,Baptlsta,Jillayne.Baptlsta@yopmail.com,Jillayne.Baptlsta@gmail.com,developer
723,Nannie,Leler,Nannie.Leler@yopmail.com,Nannie.Leler@gmail.com,worker
724,Catrina,Lenny,Catrina.Lenny@yopmail.com,Catrina.Lenny@gmail.com,doctor
725,Sidoney,Greyson,Sidoney.Greyson@yopmail.com,Sidoney.Greyson@gmail.com,developer
726,Ardeen,Lamoree,Ardeen.Lamoree@yopmail.com,Ardeen.Lamoree@gmail.com,doctor
727,Di,Argus,Di.Argus@yopmail.com,Di.Argus@gmail.com,doctor
728,Roxane,Bibi,Roxane.Bibi@yopmail.com,Roxane.Bibi@gmail.com,worker
729,Gianina,Horan,Gianina.Horan@yopmail.com,Gianina.Horan@gmail.com,doctor
730,Valeda,Adalbert,Valeda.Adalbert@yopmail.com,Valeda.Adalbert@gmail.com,police officer
731,Modestia,Kronfeld,Modestia.Kronfeld@yopmail.com,Modestia.Kronfeld@gmail.com,police officer
732,Gale,Syd,Gale.Syd@yopmail.com,Gale.Syd@gmail.com,police officer
733,Hyacinthe,Wildermuth,Hyacinthe.Wildermuth@yopmail.com,Hyacinthe.Wildermuth@gmail.com,developer
734,Micheline,Alva,Micheline.Alva@yopmail.com,Micheline.Alva@gmail.com,police officer
735,Sibella,Nisbet,Sibella.Nisbet@yopmail.com,Sibella.Nisbet@gmail.com,developer
736,Lusa,Ball,Lusa.Ball@yopmail.com,Lusa.Ball@gmail.com,developer
737,Vanessa,Rugen,Vanessa.Rugen@yopmail.com,Vanessa.Rugen@gmail.com,worker
738,Elie,McClimans,Elie.McClimans@yopmail.com,Elie.McClimans@gmail.com,worker
739,Corly,Thad,Corly.Thad@yopmail.com,Corly.Thad@gmail.com,doctor
740,Deirdre,Bertold,Deirdre.Bertold@yopmail.com,Deirdre.Bertold@gmail.com,police officer
741,Andeee,Meter,Andeee.Meter@yopmail.com,Andeee.Meter@gmail.com,firefighter
742,Gianina,Berard,Gianina.Berard@yopmail.com,Gianina.Berard@gmail.com,police officer
743,Amelia,Kirbee,Amelia.Kirbee@yopmail.com,Amelia.Kirbee@gmail.com,worker
744,Merci,Urania,Merci.Urania@yopmail.com,Merci.Urania@gmail.com,developer
745,Alie,Maryanne,Alie.Maryanne@yopmail.com,Alie.Maryanne@gmail.com,worker
746,Natka,Frendel,Natka.Frendel@yopmail.com,Natka.Frendel@gmail.com,developer
747,Cindelyn,Ralfston,Cindelyn.Ralfston@yopmail.com,Cindelyn.Ralfston@gmail.com,doctor
748,Florencia,Erich,Florencia.Erich@yopmail.com,Florencia.Erich@gmail.com,worker
749,Moyna,Goddard,Moyna.Goddard@yopmail.com,Moyna.Goddard@gmail.com,firefighter
750,Andeee,Sholley,Andeee.Sholley@yopmail.com,Andeee.Sholley@gmail.com,doctor
751,Selma,Horan,Selma.Horan@yopmail.com,Selma.Horan@gmail.com,developer
752,Penelopa,Jehu,Penelopa.Jehu@yopmail.com,Penelopa.Jehu@gmail.com,police officer
753,Aeriela,Hirsch,Aeriela.Hirsch@yopmail.com,Aeriela.Hirsch@gmail.com,firefighter
754,Robinia,Ariella,Robinia.Ariella@yopmail.com,Robinia.Ariella@gmail.com,worker
755,Kenna,Deny,Kenna.Deny@yopmail.com,Kenna.Deny@gmail.com,police officer
756,Sidoney,Scammon,Sidoney.Scammon@yopmail.com,Sidoney.Scammon@gmail.com,worker
757,Latisha,Emmy,Latisha.Emmy@yopmail.com,Latisha.Emmy@gmail.com,doctor
758,Miquela,Gordon,Miquela.Gordon@yopmail.com,Miquela.Gordon@gmail.com,doctor
759,Jere,Caitlin,Jere.Caitlin@yopmail.com,Jere.Caitlin@gmail.com,firefighter
760,Abbie,Lewes,Abbie.Lewes@yopmail.com,Abbie.Lewes@gmail.com,firefighter
761,Justinn,Taam,Justinn.Taam@yopmail.com,Justinn.Taam@gmail.com,police officer
762,Dawn,Mich,Dawn.Mich@yopmail.com,Dawn.Mich@gmail.com,firefighter
763,Vivia,Eugenia,Vivia.Eugenia@yopmail.com,Vivia.Eugenia@gmail.com,police officer
764,Nannie,Sharl,Nannie.Sharl@yopmail.com,Nannie.Sharl@gmail.com,police officer
765,Caryl,Dulciana,Caryl.Dulciana@yopmail.com,Caryl.Dulciana@gmail.com,doctor
766,Lynde,Ursulette,Lynde.Ursulette@yopmail.com,Lynde.Ursulette@gmail.com,firefighter
767,Ursulina,Suanne,Ursulina.Suanne@yopmail.com,Ursulina.Suanne@gmail.com,worker
768,Nerta,Jefferey,Nerta.Jefferey@yopmail.com,Nerta.Jefferey@gmail.com,doctor
769,Brynna,Atonsah,Brynna.Atonsah@yopmail.com,Brynna.Atonsah@gmail.com,police officer
770,Genovera,Dowski,Genovera.Dowski@yopmail.com,Genovera.Dowski@gmail.com,firefighter
771,Danny,Boehike,Danny.Boehike@yopmail.com,Danny.Boehike@gmail.com,developer
772,Shandie,Karylin,Shandie.Karylin@yopmail.com,Shandie.Karylin@gmail.com,worker
773,Tamqrah,Stefa,Tamqrah.Stefa@yopmail.com,Tamqrah.Stefa@gmail.com,police officer
774,Carilyn,Lea,Carilyn.Lea@yopmail.com,Carilyn.Lea@gmail.com,worker
775,Wendi,Stanwood,Wendi.Stanwood@yopmail.com,Wendi.Stanwood@gmail.com,doctor
776,Dotty,Fadiman,Dotty.Fadiman@yopmail.com,Dotty.Fadiman@gmail.com,firefighter
777,Halette,Stefa,Halette.Stefa@yopmail.com,Halette.Stefa@gmail.com,doctor
778,Michaelina,McClimans,Michaelina.McClimans@yopmail.com,Michaelina.McClimans@gmail.com,developer
779,Dorthy,Byrne,Dorthy.Byrne@yopmail.com,Dorthy.Byrne@gmail.com,police officer
780,Katleen,Henrie,Katleen.Henrie@yopmail.com,Katleen.Henrie@gmail.com,developer
781,June,Belldas,June.Belldas@yopmail.com,June.Belldas@gmail.com,developer
782,Jennica,Read,Jennica.Read@yopmail.com,Jennica.Read@gmail.com,worker
783,Rhea,Lay,Rhea.Lay@yopmail.com,Rhea.Lay@gmail.com,worker
784,Julieta,Carvey,Julieta.Carvey@yopmail.com,Julieta.Carvey@gmail.com,doctor
785,Michaelina,Atonsah,Michaelina.Atonsah@yopmail.com,Michaelina.Atonsah@gmail.com,firefighter
786,Tilly,Ciro,Tilly.Ciro@yopmail.com,Tilly.Ciro@gmail.com,developer
787,Lynde,Weinreb,Lynde.Weinreb@yopmail.com,Lynde.Weinreb@gmail.com,firefighter
788,Cassandra,Candy,Cassandra.Candy@yopmail.com,Cassandra.Candy@gmail.com,developer
789,Ilse,Blase,Ilse.Blase@yopmail.com,Ilse.Blase@gmail.com,doctor
790,Courtnay,Stevy,Courtnay.Stevy@yopmail.com,Courtnay.Stevy@gmail.com,firefighter
791,Dorothy,Loleta,Dorothy.Loleta@yopmail.com,Dorothy.Loleta@gmail.com,worker
792,Leontine,Nea,Leontine.Nea@yopmail.com,Leontine.Nea@gmail.com,police officer
793,Konstance,Emerson,Konstance.Emerson@yopmail.com,Konstance.Emerson@gmail.com,worker
794,Stevana,Madaih,Stevana.Madaih@yopmail.com,Stevana.Madaih@gmail.com,firefighter
795,Dania,Creamer,Dania.Creamer@yopmail.com,Dania.Creamer@gmail.com,worker
796,Kirstin,Bohlin,Kirstin.Bohlin@yopmail.com,Kirstin.Bohlin@gmail.com,doctor
797,Ulrike,Clie,Ulrike.Clie@yopmail.com,Ulrike.Clie@gmail.com,worker
798,Lauryn,Haldas,Lauryn.Haldas@yopmail.com,Lauryn.Haldas@gmail.com,worker
799,Kittie,Briney,Kittie.Briney@yopmail.com,Kittie.Briney@gmail.com,developer
800,Mary,Crudden,Mary.Crudden@yopmail.com,Mary.Crudden@gmail.com,police officer
801,Sabina,Juan,Sabina.Juan@yopmail.com,Sabina.Juan@gmail.com,police officer
802,Asia,Dex,Asia.Dex@yopmail.com,Asia.Dex@gmail.com,firefighter
803,Fanny,Faro,Fanny.Faro@yopmail.com,Fanny.Faro@gmail.com,developer
804,Leeanne,Mich,Leeanne.Mich@yopmail.com,Leeanne.Mich@gmail.com,developer
805,Monika,Payson,Monika.Payson@yopmail.com,Monika.Payson@gmail.com,worker
806,Laurene,Lorenz,Laurene.Lorenz@yopmail.com,Laurene.Lorenz@gmail.com,police officer
807,Sidoney,Skurnik,Sidoney.Skurnik@yopmail.com,Sidoney.Skurnik@gmail.com,firefighter
808,Margalo,Burkle,Margalo.Burkle@yopmail.com,Margalo.Burkle@gmail.com,developer
809,Kristina,Shuler,Kristina.Shuler@yopmail.com,Kristina.Shuler@gmail.com,firefighter
810,Barbara,Rona,Barbara.Rona@yopmail.com,Barbara.Rona@gmail.com,developer
811,Brianna,Manolo,Brianna.Manolo@yopmail.com,Brianna.Manolo@gmail.com,doctor
812,Laurene,Bach,Laurene.Bach@yopmail.com,Laurene.Bach@gmail.com,firefighter
813,Rani,Croix,Rani.Croix@yopmail.com,Rani.Croix@gmail.com,doctor
814,Elie,Jarib,Elie.Jarib@yopmail.com,Elie.Jarib@gmail.com,firefighter
815,Meghann,Maribeth,Meghann.Maribeth@yopmail.com,Meghann.Maribeth@gmail.com,developer
816,Nananne,Peg,Nananne.Peg@yopmail.com,Nananne.Peg@gmail.com,police officer
817,Max,Wareing,Max.Wareing@yopmail.com,Max.Wareing@gmail.com,developer
818,Marline,Read,Marline.Read@yopmail.com,Marline.Read@gmail.com,police officer
819,Paulita,Naor,Paulita.Naor@yopmail.com,Paulita.Naor@gmail.com,developer
820,Jsandye,Mendez,Jsandye.Mendez@yopmail.com,Jsandye.Mendez@gmail.com,worker
821,Ardys,Blase,Ardys.Blase@yopmail.com,Ardys.Blase@gmail.com,worker
822,Kristina,Thomasina,Kristina.Thomasina@yopmail.com,Kristina.Thomasina@gmail.com,firefighter
823,Emilia,Zeeba,Emilia.Zeeba@yopmail.com,Emilia.Zeeba@gmail.com,developer
824,Brianna,McLaughlin,Brianna.McLaughlin@yopmail.com,Brianna.McLaughlin@gmail.com,firefighter
825,Demetris,Chick,Demetris.Chick@yopmail.com,Demetris.Chick@gmail.com,developer
826,Roxane,Margret,Roxane.Margret@yopmail.com,Roxane.Margret@gmail.com,worker
827,Kore,Evangelia,Kore.Evangelia@yopmail.com,Kore.Evangelia@gmail.com,developer
828,Gilligan,Redmond,Gilligan.Redmond@yopmail.com,Gilligan.Redmond@gmail.com,firefighter
829,Jaclyn,Alabaster,Jaclyn.Alabaster@yopmail.com,Jaclyn.Alabaster@gmail.com,worker
830,Marnia,Vernier,Marnia.Vernier@yopmail.com,Marnia.Vernier@gmail.com,developer
831,Jean,Milde,Jean.Milde@yopmail.com,Jean.Milde@gmail.com,firefighter
832,Lisette,Hartnett,Lisette.Hartnett@yopmail.com,Lisette.Hartnett@gmail.com,worker
833,Lucille,Kimmie,Lucille.Kimmie@yopmail.com,Lucille.Kimmie@gmail.com,worker
834,Gavrielle,Fry,Gavrielle.Fry@yopmail.com,Gavrielle.Fry@gmail.com,doctor
835,Jaime,Rossner,Jaime.Rossner@yopmail.com,Jaime.Rossner@gmail.com,firefighter
836,Jaclyn,Horan,Jaclyn.Horan@yopmail.com,Jaclyn.Horan@gmail.com,worker
837,Lulita,Justinn,Lulita.Justinn@yopmail.com,Lulita.Justinn@gmail.com,worker
838,Lulita,Malanie,Lulita.Malanie@yopmail.com,Lulita.Malanie@gmail.com,developer
839,Gwenneth,Cherianne,Gwenneth.Cherianne@yopmail.com,Gwenneth.Cherianne@gmail.com,worker
840,Carmela,Kenney,Carmela.Kenney@yopmail.com,Carmela.Kenney@gmail.com,firefighter
841,Delilah,Kunin,Delilah.Kunin@yopmail.com,Delilah.Kunin@gmail.com,police officer
842,Aili,Westphal,Aili.Westphal@yopmail.com,Aili.Westphal@gmail.com,worker
843,Blondelle,Stefa,Blondelle.Stefa@yopmail.com,Blondelle.Stefa@gmail.com,police officer
844,Rani,Vilma,Rani.Vilma@yopmail.com,Rani.Vilma@gmail.com,worker
845,Carree,Faro,Carree.Faro@yopmail.com,Carree.Faro@gmail.com,police officer
846,Asia,Gower,Asia.Gower@yopmail.com,Asia.Gower@gmail.com,developer
847,Mariele,Dearborn,Mariele.Dearborn@yopmail.com,Mariele.Dearborn@gmail.com,firefighter
848,Jaclyn,Erskine,Jaclyn.Erskine@yopmail.com,Jaclyn.Erskine@gmail.com,developer
849,Dulce,Nelsen,Dulce.Nelsen@yopmail.com,Dulce.Nelsen@gmail.com,doctor
850,Viki,Tamsky,Viki.Tamsky@yopmail.com,Viki.Tamsky@gmail.com,firefighter
851,Queenie,Campball,Queenie.Campball@yopmail.com,Queenie.Campball@gmail.com,worker
852,Dorothy,Jotham,Dorothy.Jotham@yopmail.com,Dorothy.Jotham@gmail.com,doctor
853,Arabel,Vernier,Arabel.Vernier@yopmail.com,Arabel.Vernier@gmail.com,worker
854,Ottilie,Grayce,Ottilie.Grayce@yopmail.com,Ottilie.Grayce@gmail.com,doctor
855,Beverley,Vernier,Beverley.Vernier@yopmail.com,Beverley.Vernier@gmail.com,worker
856,Berget,Simmonds,Berget.Simmonds@yopmail.com,Berget.Simmonds@gmail.com,doctor
857,Priscilla,Lemuela,Priscilla.Lemuela@yopmail.com,Priscilla.Lemuela@gmail.com,firefighter
858,Kerrin,Oriana,Kerrin.Oriana@yopmail.com,Kerrin.Oriana@gmail.com,firefighter
859,Fayre,Barbey,Fayre.Barbey@yopmail.com,Fayre.Barbey@gmail.com,doctor
860,Tressa,Drisko,Tressa.Drisko@yopmail.com,Tressa.Drisko@gmail.com,doctor
861,Monika,Ricarda,Monika.Ricarda@yopmail.com,Monika.Ricarda@gmail.com,doctor
862,Shauna,Lane,Shauna.Lane@yopmail.com,Shauna.Lane@gmail.com,developer
863,Kalina,Ilka,Kalina.Ilka@yopmail.com,Kalina.Ilka@gmail.com,worker
864,Codie,Latini,Codie.Latini@yopmail.com,Codie.Latini@gmail.com,developer
865,Gaylene,Lalitta,Gaylene.Lalitta@yopmail.com,Gaylene.Lalitta@gmail.com,doctor
866,Kirbee,Ashely,Kirbee.Ashely@yopmail.com,Kirbee.Ashely@gmail.com,worker
867,Betta,Christine,Betta.Christine@yopmail.com,Betta.Christine@gmail.com,firefighter
868,Dolli,Florina,Dolli.Florina@yopmail.com,Dolli.Florina@gmail.com,developer
869,Jennica,Sallyann,Jennica.Sallyann@yopmail.com,Jennica.Sallyann@gmail.com,police officer
870,Fernande,Tiffa,Fernande.Tiffa@yopmail.com,Fernande.Tiffa@gmail.com,police officer
871,Libbie,Kelula,Libbie.Kelula@yopmail.com,Libbie.Kelula@gmail.com,developer
872,Emelina,Tannie,Emelina.Tannie@yopmail.com,Emelina.Tannie@gmail.com,developer
873,Willetta,Tatianas,Willetta.Tatianas@yopmail.com,Willetta.Tatianas@gmail.com,firefighter
874,Goldie,Macey,Goldie.Macey@yopmail.com,Goldie.Macey@gmail.com,doctor
875,Tomasina,Shuler,Tomasina.Shuler@yopmail.com,Tomasina.Shuler@gmail.com,worker
876,Agathe,Craggie,Agathe.Craggie@yopmail.com,Agathe.Craggie@gmail.com,firefighter
877,Ekaterina,Damarra,Ekaterina.Damarra@yopmail.com,Ekaterina.Damarra@gmail.com,developer
878,Grier,Burnside,Grier.Burnside@yopmail.com,Grier.Burnside@gmail.com,worker
879,Micheline,Phaidra,Micheline.Phaidra@yopmail.com,Micheline.Phaidra@gmail.com,developer
880,Leontine,Rurik,Leontine.Rurik@yopmail.com,Leontine.Rurik@gmail.com,developer
881,Ingrid,Baylor,Ingrid.Baylor@yopmail.com,Ingrid.Baylor@gmail.com,developer
882,Louella,Fax,Louella.Fax@yopmail.com,Louella.Fax@gmail.com,firefighter
883,Olwen,Destinee,Olwen.Destinee@yopmail.com,Olwen.Destinee@gmail.com,police officer
884,Hildegaard,Berriman,Hildegaard.Berriman@yopmail.com,Hildegaard.Berriman@gmail.com,firefighter
885,Bernie,Bettine,Bernie.Bettine@yopmail.com,Bernie.Bettine@gmail.com,police officer
886,Ofilia,Stilwell,Ofilia.Stilwell@yopmail.com,Ofilia.Stilwell@gmail.com,worker
887,Carolina,Ferino,Carolina.Ferino@yopmail.com,Carolina.Ferino@gmail.com,developer
888,Kristan,Pearse,Kristan.Pearse@yopmail.com,Kristan.Pearse@gmail.com,police officer
889,Millie,Bettine,Millie.Bettine@yopmail.com,Millie.Bettine@gmail.com,doctor
890,Verla,Helve,Verla.Helve@yopmail.com,Verla.Helve@gmail.com,developer
891,Ann-Marie,Guthrie,Ann-Marie.Guthrie@yopmail.com,Ann-Marie.Guthrie@gmail.com,police officer
892,Bobinette,Irmine,Bobinette.Irmine@yopmail.com,Bobinette.Irmine@gmail.com,firefighter
893,Cathie,Raffo,Cathie.Raffo@yopmail.com,Cathie.Raffo@gmail.com,doctor
894,Madalyn,Ioab,Madalyn.Ioab@yopmail.com,Madalyn.Ioab@gmail.com,developer
895,Marita,Adlare,Marita.Adlare@yopmail.com,Marita.Adlare@gmail.com,doctor
896,Aubrie,Suanne,Aubrie.Suanne@yopmail.com,Aubrie.Suanne@gmail.com,developer
897,Althea,Craggie,Althea.Craggie@yopmail.com,Althea.Craggie@gmail.com,worker
898,Dari,Georgy,Dari.Georgy@yopmail.com,Dari.Georgy@gmail.com,worker
899,Theodora,Lalitta,Theodora.Lalitta@yopmail.com,Theodora.Lalitta@gmail.com,developer
900,Candi,Weide,Candi.Weide@yopmail.com,Candi.Weide@gmail.com,worker
901,Bernie,Alice,Bernie.Alice@yopmail.com,Bernie.Alice@gmail.com,firefighter
902,Neila,Bashemeth,Neila.Bashemeth@yopmail.com,Neila.Bashemeth@gmail.com,worker
903,Judy,Gherardo,Judy.Gherardo@yopmail.com,Judy.Gherardo@gmail.com,firefighter
904,Consuela,Huggins,Consuela.Huggins@yopmail.com,Consuela.Huggins@gmail.com,police officer
905,Jobi,Clarissa,Jobi.Clarissa@yopmail.com,Jobi.Clarissa@gmail.com,doctor
906,Elvira,Leary,Elvira.Leary@yopmail.com,Elvira.Leary@gmail.com,doctor
907,Jordan,Freddi,Jordan.Freddi@yopmail.com,Jordan.Freddi@gmail.com,doctor
908,Kathy,Pearse,Kathy.Pearse@yopmail.com,Kathy.Pearse@gmail.com,firefighter
909,Edee,Candy,Edee.Candy@yopmail.com,Edee.Candy@gmail.com,developer
910,Caressa,Marijo,Caressa.Marijo@yopmail.com,Caressa.Marijo@gmail.com,firefighter
911,Fanny,Faro,Fanny.Faro@yopmail.com,Fanny.Faro@gmail.com,firefighter
912,Theodora,Madox,Theodora.Madox@yopmail.com,Theodora.Madox@gmail.com,doctor
913,Nyssa,Jefferey,Nyssa.Jefferey@yopmail.com,Nyssa.Jefferey@gmail.com,worker
914,Emelina,Lewes,Emelina.Lewes@yopmail.com,Emelina.Lewes@gmail.com,doctor
915,Wanda,Lunsford,Wanda.Lunsford@yopmail.com,Wanda.Lunsford@gmail.com,developer
916,Darci,Sherfield,Darci.Sherfield@yopmail.com,Darci.Sherfield@gmail.com,developer
917,Norine,Mathilde,Norine.Mathilde@yopmail.com,Norine.Mathilde@gmail.com,police officer
918,Rubie,O'Carroll,Rubie.O'Carroll@yopmail.com,Rubie.O'Carroll@gmail.com,firefighter
919,Lilith,Chinua,Lilith.Chinua@yopmail.com,Lilith.Chinua@gmail.com,police officer
920,Catharine,Carolin,Catharine.Carolin@yopmail.com,Catharine.Carolin@gmail.com,police officer
921,Kirbee,Granoff,Kirbee.Granoff@yopmail.com,Kirbee.Granoff@gmail.com,firefighter
922,Ida,Linehan,Ida.Linehan@yopmail.com,Ida.Linehan@gmail.com,worker
923,Rosabelle,Stelle,Rosabelle.Stelle@yopmail.com,Rosabelle.Stelle@gmail.com,doctor
924,Florie,Kesley,Florie.Kesley@yopmail.com,Florie.Kesley@gmail.com,police officer
925,Gianina,Garek,Gianina.Garek@yopmail.com,Gianina.Garek@gmail.com,police officer
926,Brena,Couture,Brena.Couture@yopmail.com,Brena.Couture@gmail.com,developer
927,Jaclyn,Nea,Jaclyn.Nea@yopmail.com,Jaclyn.Nea@gmail.com,police officer
928,Viviene,Melleta,Viviene.Melleta@yopmail.com,Viviene.Melleta@gmail.com,developer
929,Marika,Maxi,Marika.Maxi@yopmail.com,Marika.Maxi@gmail.com,firefighter
930,Shell,Uird,Shell.Uird@yopmail.com,Shell.Uird@gmail.com,worker
931,Daphne,Silvan,Daphne.Silvan@yopmail.com,Daphne.Silvan@gmail.com,developer
932,Zaria,Frodi,Zaria.Frodi@yopmail.com,Zaria.Frodi@gmail.com,police officer
933,Olwen,Alisia,Olwen.Alisia@yopmail.com,Olwen.Alisia@gmail.com,police officer
934,Ekaterina,Schalles,Ekaterina.Schalles@yopmail.com,Ekaterina.Schalles@gmail.com,firefighter
935,Corene,Arne,Corene.Arne@yopmail.com,Corene.Arne@gmail.com,police officer
936,Esmeralda,Morrill,Esmeralda.Morrill@yopmail.com,Esmeralda.Morrill@gmail.com,doctor
937,Rosabelle,Japeth,Rosabelle.Japeth@yopmail.com,Rosabelle.Japeth@gmail.com,police officer
938,Claudina,Koehler,Claudina.Koehler@yopmail.com,Claudina.Koehler@gmail.com,police officer
939,Brianna,Dulciana,Brianna.Dulciana@yopmail.com,Brianna.Dulciana@gmail.com,firefighter
940,Althea,Stoller,Althea.Stoller@yopmail.com,Althea.Stoller@gmail.com,worker
941,Winifred,Levey,Winifred.Levey@yopmail.com,Winifred.Levey@gmail.com,firefighter
942,Corene,Byrne,Corene.Byrne@yopmail.com,Corene.Byrne@gmail.com,worker
943,Ardeen,Pauly,Ardeen.Pauly@yopmail.com,Ardeen.Pauly@gmail.com,worker
944,Angelique,Zeeba,Angelique.Zeeba@yopmail.com,Angelique.Zeeba@gmail.com,developer
945,Concettina,Pelagias,Concettina.Pelagias@yopmail.com,Concettina.Pelagias@gmail.com,firefighter
946,Yetty,Sandye,Yetty.Sandye@yopmail.com,Yetty.Sandye@gmail.com,developer
947,Brietta,Ramona,Brietta.Ramona@yopmail.com,Brietta.Ramona@gmail.com,worker
948,Sissy,Behre,Sissy.Behre@yopmail.com,Sissy.Behre@gmail.com,police officer
949,Carly,Jerold,Carly.Jerold@yopmail.com,Carly.Jerold@gmail.com,worker
950,Ginnie,Bryna,Ginnie.Bryna@yopmail.com,Ginnie.Bryna@gmail.com,worker
951,Chickie,MacIntosh,Chickie.MacIntosh@yopmail.com,Chickie.MacIntosh@gmail.com,doctor
952,Dede,Cecile,Dede.Cecile@yopmail.com,Dede.Cecile@gmail.com,doctor
953,Trixi,Halsey,Trixi.Halsey@yopmail.com,Trixi.Halsey@gmail.com,police officer
954,Nerta,Haldas,Nerta.Haldas@yopmail.com,Nerta.Haldas@gmail.com,doctor
955,Rosaline,Madox,Rosaline.Madox@yopmail.com,Rosaline.Madox@gmail.com,police officer
956,Kimberley,Naor,Kimberley.Naor@yopmail.com,Kimberley.Naor@gmail.com,doctor
957,Sheelagh,Cullin,Sheelagh.Cullin@yopmail.com,Sheelagh.Cullin@gmail.com,developer
958,Gretal,Schonfeld,Gretal.Schonfeld@yopmail.com,Gretal.Schonfeld@gmail.com,developer
959,Violet,Lunsford,Violet.Lunsford@yopmail.com,Violet.Lunsford@gmail.com,police officer
960,Gwyneth,Corabella,Gwyneth.Corabella@yopmail.com,Gwyneth.Corabella@gmail.com,developer
961,Gisela,Pierette,Gisela.Pierette@yopmail.com,Gisela.Pierette@gmail.com,worker
962,Romona,Erskine,Romona.Erskine@yopmail.com,Romona.Erskine@gmail.com,worker
963,Claresta,Maryanne,Claresta.Maryanne@yopmail.com,Claresta.Maryanne@gmail.com,developer
964,Amii,Mandler,Amii.Mandler@yopmail.com,Amii.Mandler@gmail.com,worker
965,Luci,Lytton,Luci.Lytton@yopmail.com,Luci.Lytton@gmail.com,police officer
966,Katleen,Joni,Katleen.Joni@yopmail.com,Katleen.Joni@gmail.com,worker
967,Viviene,Janene,Viviene.Janene@yopmail.com,Viviene.Janene@gmail.com,doctor
968,Sharai,Bearnard,Sharai.Bearnard@yopmail.com,Sharai.Bearnard@gmail.com,developer
969,Veda,Rosette,Veda.Rosette@yopmail.com,Veda.Rosette@gmail.com,police officer
970,Amii,Izaak,Amii.Izaak@yopmail.com,Amii.Izaak@gmail.com,developer
971,Farrah,Melleta,Farrah.Melleta@yopmail.com,Farrah.Melleta@gmail.com,developer
972,Starla,Orelee,Starla.Orelee@yopmail.com,Starla.Orelee@gmail.com,firefighter
973,Ermengarde,Rolf,Ermengarde.Rolf@yopmail.com,Ermengarde.Rolf@gmail.com,developer
974,Deedee,Suzetta,Deedee.Suzetta@yopmail.com,Deedee.Suzetta@gmail.com,doctor
975,Catharine,Bouchard,Catharine.Bouchard@yopmail.com,Catharine.Bouchard@gmail.com,worker
976,Lorenza,Lewes,Lorenza.Lewes@yopmail.com,Lorenza.Lewes@gmail.com,worker
977,Frances,Henebry,Frances.Henebry@yopmail.com,Frances.Henebry@gmail.com,developer
978,Modestia,Anestassia,Modestia.Anestassia@yopmail.com,Modestia.Anestassia@gmail.com,worker
979,Catrina,Sparhawk,Catrina.Sparhawk@yopmail.com,Catrina.Sparhawk@gmail.com,developer
980,Katuscha,Kathie,Katuscha.Kathie@yopmail.com,Katuscha.Kathie@gmail.com,firefighter
981,Agnese,Stuart,Agnese.Stuart@yopmail.com,Agnese.Stuart@gmail.com,doctor
982,Pollyanna,Socha,Pollyanna.Socha@yopmail.com,Pollyanna.Socha@gmail.com,firefighter
983,Ulrike,Teryn,Ulrike.Teryn@yopmail.com,Ulrike.Teryn@gmail.com,doctor
984,Ashlee,Peti,Ashlee.Peti@yopmail.com,Ashlee.Peti@gmail.com,worker
985,Anthia,Guthrie,Anthia.Guthrie@yopmail.com,Anthia.Guthrie@gmail.com,firefighter
986,Paulita,Plato,Paulita.Plato@yopmail.com,Paulita.Plato@gmail.com,worker
987,Marsiella,Presber,Marsiella.Presber@yopmail.com,Marsiella.Presber@gmail.com,firefighter
988,Tomasina,Kimmie,Tomasina.Kimmie@yopmail.com,Tomasina.Kimmie@gmail.com,worker
989,Lyssa,Aldric,Lyssa.Aldric@yopmail.com,Lyssa.Aldric@gmail.com,worker
990,Jaclyn,Naor,Jaclyn.Naor@yopmail.com,Jaclyn.Naor@gmail.com,police officer
991,Pamella,Mauer,Pamella.Mauer@yopmail.com,Pamella.Mauer@gmail.com,police officer
992,Gloria,Ricarda,Gloria.Ricarda@yopmail.com,Gloria.Ricarda@gmail.com,police officer
993,Maisey,Donoghue,Maisey.Donoghue@yopmail.com,Maisey.Donoghue@gmail.com,doctor
994,Starla,Schroth,Starla.Schroth@yopmail.com,Starla.Schroth@gmail.com,worker
995,Talya,August,Talya.August@yopmail.com,Talya.August@gmail.com,worker
996,Chloris,Erlandson,Chloris.Erlandson@yopmail.com,Chloris.Erlandson@gmail.com,firefighter
997,Keelia,McAdams,Keelia.McAdams@yopmail.com,Keelia.McAdams@gmail.com,police officer
998,Keelia,Kazimir,Keelia.Kazimir@yopmail.com,Keelia.Kazimir@gmail.com,worker
999,Agathe,Harday,Agathe.Harday@yopmail.com,Agathe.Harday@gmail.com,doctor